movie_ix ,category
0,9
1,3
2,4
3,4
4,4
5,2
6,0
7,4
8,6
9,2
10,9
11,5
12,4
13,5
14,0
15,9
16,4
17,3
18,3
19,3
20,6
21,6
22,3
23,1
24,0
25,6
26,3
27,3
28,6
29,5
30,3
31,9
32,6
33,9
34,4
35,0
36,0
37,3
38,6
39,7
40,3
41,3
42,3
43,5
44,6
45,0
46,6
47,8
48,6
49,2
50,0
51,5
52,6
53,6
54,7
55,4
56,6
57,2
58,3
59,4
60,6
61,9
62,4
63,0
64,8
65,6
66,6
67,9
68,9
69,9
70,9
71,0
72,0
73,9
74,0
75,0
76,0
77,9
78,4
79,6
80,6
81,9
82,4
83,4
84,9
85,9
86,9
87,9
88,6
89,9
90,4
91,8
92,5
93,9
94,9
95,1
96,2
97,4
98,5
99,3
100,3
101,3
102,8
103,0
104,3
105,4
106,7
107,2
108,0
109,5
110,5
111,2
112,2
113,2
114,0
115,9
116,9
117,3
118,9
119,3
120,6
121,4
122,5
123,4
124,5
125,2
126,3
127,6
128,6
129,2
130,3
131,6
132,5
133,8
134,9
135,1
136,6
137,5
138,6
139,2
140,6
141,9
142,9
143,1
144,4
145,3
146,8
147,4
148,7
149,3
150,0
151,8
152,7
153,6
154,5
155,8
156,5
157,7
158,5
159,5
160,2
161,2
162,4
163,2
164,0
165,4
166,9
167,4
168,4
169,3
170,3
171,3
172,9
173,5
174,1
175,8
176,6
177,8
178,0
179,9
180,9
181,9
182,6
183,2
184,4
185,6
186,5
187,9
188,6
189,9
190,9
191,8
192,4
193,5
194,9
195,5
196,6
197,0
198,9
199,6
200,9
201,4
202,6
203,4
204,0
205,8
206,1
207,3
208,5
209,1
210,4
211,2
212,7
213,5
214,6
215,4
216,8
217,3
218,9
219,4
220,5
221,3
222,9
223,8
224,0
225,8
226,9
227,1
228,9
229,2
230,5
231,6
232,6
233,4
234,0
235,4
236,2
237,4
238,9
239,2
240,4
241,4
242,4
243,4
244,4
245,4
246,4
247,4
248,4
249,9
250,4
251,4
252,4
253,4
254,4
255,1
256,9
257,9
258,5
259,3
260,6
261,2
262,6
263,7
264,6
265,3
266,6
267,0
268,6
269,6
270,2
271,6
272,9
273,3
274,1
275,1
276,6
277,4
278,1
279,1
280,1
281,1
282,1
283,1
284,6
285,1
286,1
287,7
288,1
289,1
290,3
291,0
292,9
293,8
294,6
295,6
296,2
297,0
298,1
299,0
300,8
301,0
302,2
303,0
304,3
305,0
306,0
307,6
308,4
309,6
310,6
311,6
312,2
313,6
314,3
315,0
316,2
317,0
318,8
319,4
320,6
321,3
322,6
323,6
324,4
325,6
326,2
327,0
328,3
329,0
330,6
331,6
332,0
333,6
334,6
335,6
336,6
337,0
338,8
339,5
340,5
341,0
342,0
343,0
344,0
345,8
346,0
347,0
348,0
349,6
350,0
351,0
352,0
353,6
354,0
355,4
356,9
357,0
358,0
359,0
360,0
361,8
362,0
363,4
364,3
365,6
366,0
367,6
368,8
369,0
370,2
371,6
372,8
373,3
374,6
375,6
376,6
377,8
378,5
379,6
380,8
381,6
382,0
383,0
384,9
385,5
386,6
387,0
388,0
389,5
390,3
391,4
392,4
393,0
394,5
395,8
396,9
397,6
398,0
399,5
400,8
401,4
402,3
403,2
404,9
405,5
406,8
407,0
408,8
409,0
410,6
411,6
412,5
413,0
414,0
415,9
416,0
417,6
418,0
419,0
420,0
421,6
422,4
423,0
424,3
425,3
426,8
427,8
428,6
429,0
430,6
431,0
432,4
433,4
434,5
435,0
436,9
437,6
438,4
439,0
440,2
441,3
442,0
443,2
444,4
445,4
446,6
447,2
448,2
449,8
450,5
451,8
452,8
453,0
454,8
455,8
456,4
457,6
458,8
459,0
460,0
461,6
462,8
463,6
464,3
465,4
466,6
467,3
468,0
469,6
470,2
471,6
472,3
473,5
474,3
475,6
476,6
477,6
478,9
479,6
480,3
481,3
482,1
483,7
484,6
485,7
486,3
487,3
488,2
489,3
490,4
491,6
492,7
493,3
494,3
495,4
496,8
497,3
498,0
499,2
500,3
501,7
502,3
503,3
504,3
505,7
506,1
507,5
508,7
509,3
510,1
511,3
512,2
513,1
514,3
515,7
516,1
517,7
518,3
519,6
520,5
521,8
522,3
523,3
524,8
525,3
526,2
527,7
528,1
529,7
530,3
531,3
532,3
533,5
534,7
535,2
536,1
537,9
538,7
539,3
540,7
541,2
542,7
543,3
544,7
545,2
546,7
547,8
548,3
549,7
550,2
551,2
552,2
553,7
554,8
555,2
556,6
557,3
558,2
559,8
560,3
561,3
562,3
563,1
564,2
565,7
566,7
567,2
568,3
569,2
570,7
571,3
572,7
573,6
574,7
575,3
576,7
577,2
578,7
579,5
580,3
581,2
582,6
583,6
584,4
585,3
586,1
587,3
588,4
589,2
590,2
591,3
592,2
593,7
594,8
595,6
596,3
597,3
598,1
599,3
600,2
601,1
602,2
603,6
604,3
605,3
606,1
607,8
608,3
609,1
610,9
611,6
612,7
613,1
614,2
615,1
616,2
617,7
618,7
619,3
620,7
621,3
622,2
623,6
624,3
625,2
626,1
627,8
628,1
629,2
630,1
631,8
632,7
633,7
634,7
635,1
636,3
637,2
638,3
639,7
640,2
641,2
642,7
643,5
644,3
645,1
646,2
647,5
648,1
649,1
650,8
651,5
652,3
653,6
654,7
655,1
656,6
657,2
658,3
659,2
660,6
661,1
662,8
663,2
664,7
665,7
666,1
667,1
668,7
669,7
670,3
671,2
672,8
673,6
674,5
675,7
676,3
677,7
678,3
679,7
680,1
681,7
682,3
683,7
684,2
685,1
686,7
687,1
688,2
689,7
690,3
691,2
692,3
693,8
694,8
695,2
696,3
697,8
698,3
699,2
700,5
701,6
702,1
703,7
704,3
705,6
706,1
707,1
708,1
709,1
710,3
711,2
712,2
713,3
714,6
715,1
716,8
717,2
718,3
719,4
720,3
721,5
722,0
723,0
724,3
725,4
726,3
727,6
728,9
729,4
730,3
731,3
732,3
733,7
734,2
735,6
736,7
737,3
738,5
739,3
740,7
741,4
742,3
743,4
744,6
745,3
746,5
747,3
748,5
749,1
750,4
751,9
752,4
753,9
754,6
755,3
756,9
757,3
758,4
759,7
760,4
761,8
762,9
763,3
764,9
765,4
766,6
767,9
768,3
769,3
770,9
771,5
772,3
773,9
774,9
775,1
776,3
777,0
778,3
779,9
780,7
781,5
782,9
783,4
784,7
785,6
786,1
787,2
788,1
789,1
790,8
791,0
792,2
793,4
794,9
795,5
796,4
797,3
798,3
799,8
800,0
801,4
802,0
803,1
804,5
805,1
806,4
807,4
808,3
809,4
810,1
811,3
812,3
813,4
814,3
815,8
816,3
817,3
818,5
819,2
820,5
821,6
822,8
823,9
824,3
825,3
826,8
827,7
828,8
829,8
830,0
831,7
832,0
833,6
834,1
835,3
836,5
837,0
838,2
839,2
840,3
841,0
842,0
843,7
844,2
845,8
846,2
847,5
848,1
849,7
850,2
851,1
852,6
853,1
854,5
855,0
856,4
857,1
858,9
859,1
860,0
861,1
862,6
863,3
864,0
865,6
866,3
867,3
868,3
869,4
870,7
871,7
872,3
873,3
874,2
875,9
876,7
877,5
878,3
879,8
880,1
881,3
882,3
883,7
884,6
885,3
886,5
887,6
888,7
889,5
890,4
891,3
892,5
893,5
894,3
895,6
896,6
897,0
898,4
899,9
900,3
901,8
902,9
903,9
904,3
905,3
906,2
907,2
908,7
909,9
910,1
911,3
912,7
913,9
914,2
915,9
916,7
917,9
918,5
919,8
920,3
921,0
922,2
923,7
924,2
925,6
926,3
927,6
928,1
929,8
930,1
931,3
932,6
933,2
934,6
935,3
936,2
937,8
938,1
939,2
940,3
941,4
942,6
943,1
944,4
945,3
946,3
947,1
948,3
949,1
950,4
951,8
952,4
953,1
954,3
955,1
956,4
957,2
958,8
959,3
960,6
961,0
962,1
963,3
964,1
965,1
966,9
967,2
968,3
969,1
970,3
971,7
972,2
973,2
974,6
975,3
976,0
977,3
978,7
979,7
980,2
981,3
982,5
983,3
984,3
985,3
986,6
987,6
988,5
989,7
990,3
991,3
992,1
993,6
994,5
995,3
996,3
997,8
998,3
999,7
1000,3
1001,3
1002,3
1003,6
1004,5
1005,8
1006,1
1007,5
1008,0
1009,2
1010,4
1011,1
1012,3
1013,3
1014,3
1015,3
1016,3
1017,3
1018,1
1019,8
1020,2
1021,4
1022,3
1023,7
1024,8
1025,5
1026,7
1027,0
1028,4
1029,2
1030,9
1031,4
1032,3
1033,3
1034,6
1035,6
1036,9
1037,1
1038,9
1039,3
1040,4
1041,3
1042,6
1043,4
1044,9
1045,4
1046,4
1047,0
1048,3
1049,4
1050,9
1051,4
1052,9
1053,5
1054,9
1055,9
1056,3
1057,4
1058,4
1059,6
1060,9
1061,5
1062,5
1063,9
1064,1
1065,5
1066,9
1067,5
1068,4
1069,4
1070,3
1071,3
1072,4
1073,4
1074,9
1075,9
1076,4
1077,9
1078,9
1079,8
1080,9
1081,9
1082,9
1083,5
1084,4
1085,4
1086,5
1087,8
1088,3
1089,5
1090,5
1091,9
1092,8
1093,0
1094,0
1095,6
1096,6
1097,0
1098,6
1099,6
1100,0
1101,0
1102,0
1103,6
1104,9
1105,0
1106,0
1107,0
1108,0
1109,0
1110,0
1111,0
1112,0
1113,5
1114,9
1115,8
1116,8
1117,9
1118,4
1119,9
1120,4
1121,9
1122,0
1123,0
1124,4
1125,4
1126,0
1127,0
1128,0
1129,4
1130,4
1131,0
1132,9
1133,9
1134,9
1135,9
1136,0
1137,0
1138,0
1139,3
1140,6
1141,0
1142,2
1143,0
1144,0
1145,9
1146,4
1147,4
1148,9
1149,9
1150,4
1151,9
1152,4
1153,0
1154,4
1155,9
1156,3
1157,4
1158,1
1159,4
1160,6
1161,6
1162,0
1163,0
1164,0
1165,9
1166,9
1167,3
1168,4
1169,8
1170,4
1171,8
1172,5
1173,7
1174,7
1175,7
1176,8
1177,7
1178,3
1179,6
1180,4
1181,7
1182,4
1183,3
1184,4
1185,6
1186,5
1187,7
1188,2
1189,4
1190,4
1191,0
1192,8
1193,3
1194,5
1195,9
1196,8
1197,5
1198,9
1199,3
1200,4
1201,0
1202,2
1203,4
1204,3
1205,4
1206,3
1207,4
1208,3
1209,4
1210,9
1211,3
1212,8
1213,0
1214,9
1215,7
1216,3
1217,4
1218,3
1219,3
1220,6
1221,9
1222,2
1223,8
1224,8
1225,3
1226,9
1227,5
1228,0
1229,4
1230,5
1231,3
1232,1
1233,8
1234,4
1235,8
1236,5
1237,8
1238,5
1239,3
1240,1
1241,9
1242,3
1243,4
1244,7
1245,8
1246,8
1247,9
1248,9
1249,3
1250,4
1251,4
1252,4
1253,9
1254,3
1255,4
1256,7
1257,5
1258,8
1259,6
1260,8
1261,4
1262,6
1263,3
1264,9
1265,2
1266,1
1267,5
1268,3
1269,5
1270,6
1271,4
1272,0
1273,9
1274,4
1275,5
1276,2
1277,9
1278,9
1279,3
1280,8
1281,1
1282,9
1283,5
1284,3
1285,4
1286,5
1287,5
1288,5
1289,3
1290,8
1291,9
1292,4
1293,5
1294,8
1295,1
1296,9
1297,2
1298,4
1299,8
1300,2
1301,0
1302,2
1303,3
1304,4
1305,2
1306,8
1307,5
1308,8
1309,2
1310,7
1311,5
1312,3
1313,7
1314,1
1315,1
1316,2
1317,4
1318,5
1319,4
1320,1
1321,5
1322,8
1323,5
1324,3
1325,8
1326,3
1327,9
1328,2
1329,0
1330,9
1331,5
1332,5
1333,3
1334,2
1335,2
1336,8
1337,8
1338,8
1339,5
1340,9
1341,5
1342,9
1343,5
1344,9
1345,9
1346,4
1347,6
1348,2
1349,5
1350,5
1351,4
1352,3
1353,6
1354,8
1355,2
1356,9
1357,0
1358,8
1359,0
1360,8
1361,6
1362,6
1363,9
1364,8
1365,9
1366,9
1367,4
1368,9
1369,9
1370,8
1371,5
1372,4
1373,8
1374,8
1375,4
1376,8
1377,2
1378,4
1379,9
1380,8
1381,8
1382,8
1383,9
1384,2
1385,5
1386,1
1387,5
1388,2
1389,5
1390,9
1391,2
1392,9
1393,8
1394,5
1395,4
1396,8
1397,8
1398,4
1399,7
1400,6
1401,1
1402,8
1403,2
1404,7
1405,2
1406,7
1407,7
1408,7
1409,2
1410,7
1411,5
1412,1
1413,7
1414,2
1415,2
1416,2
1417,2
1418,5
1419,0
1420,2
1421,3
1422,7
1423,4
1424,8
1425,1
1426,1
1427,7
1428,8
1429,3
1430,7
1431,7
1432,7
1433,2
1434,3
1435,0
1436,7
1437,0
1438,6
1439,6
1440,6
1441,8
1442,8
1443,0
1444,0
1445,8
1446,2
1447,7
1448,3
1449,6
1450,8
1451,9
1452,0
1453,6
1454,0
1455,9
1456,6
1457,7
1458,7
1459,7
1460,0
1461,4
1462,1
1463,8
1464,2
1465,2
1466,7
1467,2
1468,3
1469,3
1470,3
1471,3
1472,2
1473,3
1474,0
1475,2
1476,7
1477,1
1478,3
1479,2
1480,3
1481,2
1482,7
1483,2
1484,3
1485,8
1486,7
1487,8
1488,1
1489,1
1490,7
1491,1
1492,5
1493,3
1494,2
1495,5
1496,1
1497,1
1498,1
1499,7
1500,4
1501,8
1502,7
1503,0
1504,2
1505,2
1506,7
1507,6
1508,1
1509,5
1510,3
1511,1
1512,3
1513,3
1514,8
1515,4
1516,4
1517,3
1518,2
1519,1
1520,1
1521,5
1522,1
1523,1
1524,0
1525,3
1526,1
1527,7
1528,1
1529,8
1530,2
1531,1
1532,2
1533,7
1534,2
1535,0
1536,8
1537,7
1538,7
1539,7
1540,1
1541,3
1542,5
1543,6
1544,8
1545,1
1546,8
1547,2
1548,1
1549,2
1550,1
1551,8
1552,2
1553,5
1554,2
1555,2
1556,1
1557,5
1558,6
1559,2
1560,7
1561,2
1562,3
1563,8
1564,0
1565,5
1566,4
1567,1
1568,5
1569,2
1570,5
1571,5
1572,2
1573,1
1574,3
1575,1
1576,8
1577,6
1578,8
1579,4
1580,6
1581,1
1582,3
1583,6
1584,2
1585,1
1586,2
1587,2
1588,2
1589,2
1590,1
1591,8
1592,5
1593,6
1594,7
1595,8
1596,5
1597,7
1598,3
1599,7
1600,3
1601,2
1602,3
1603,7
1604,2
1605,3
1606,3
1607,5
1608,6
1609,6
1610,9
1611,3
1612,2
1613,3
1614,7
1615,1
1616,1
1617,8
1618,2
1619,3
1620,1
1621,7
1622,3
1623,2
1624,2
1625,2
1626,5
1627,7
1628,0
1629,1
1630,3
1631,3
1632,7
1633,1
1634,2
1635,7
1636,7
1637,2
1638,2
1639,3
1640,2
1641,2
1642,2
1643,7
1644,7
1645,7
1646,2
1647,6
1648,1
1649,4
1650,7
1651,2
1652,0
1653,7
1654,7
1655,8
1656,5
1657,1
1658,0
1659,2
1660,4
1661,2
1662,5
1663,7
1664,2
1665,2
1666,6
1667,8
1668,0
1669,1
1670,3
1671,2
1672,2
1673,2
1674,8
1675,9
1676,2
1677,1
1678,8
1679,7
1680,2
1681,8
1682,5
1683,3
1684,9
1685,6
1686,6
1687,7
1688,7
1689,1
1690,8
1691,9
1692,3
1693,1
1694,7
1695,7
1696,5
1697,3
1698,3
1699,3
1700,5
1701,5
1702,7
1703,1
1704,1
1705,6
1706,2
1707,2
1708,7
1709,7
1710,2
1711,9
1712,6
1713,8
1714,2
1715,1
1716,6
1717,9
1718,0
1719,2
1720,6
1721,6
1722,4
1723,9
1724,3
1725,3
1726,2
1727,8
1728,8
1729,6
1730,5
1731,8
1732,6
1733,5
1734,8
1735,8
1736,8
1737,7
1738,3
1739,1
1740,2
1741,2
1742,8
1743,2
1744,2
1745,7
1746,2
1747,5
1748,3
1749,5
1750,1
1751,8
1752,2
1753,2
1754,1
1755,5
1756,3
1757,1
1758,8
1759,2
1760,5
1761,5
1762,1
1763,3
1764,7
1765,7
1766,7
1767,7
1768,2
1769,6
1770,8
1771,7
1772,2
1773,6
1774,6
1775,2
1776,3
1777,3
1778,6
1779,6
1780,6
1781,6
1782,1
1783,6
1784,6
1785,1
1786,5
1787,5
1788,8
1789,5
1790,8
1791,6
1792,3
1793,3
1794,3
1795,5
1796,5
1797,0
1798,7
1799,7
1800,1
1801,1
1802,3
1803,6
1804,3
1805,6
1806,3
1807,5
1808,8
1809,3
1810,7
1811,3
1812,3
1813,5
1814,2
1815,7
1816,1
1817,0
1818,5
1819,1
1820,8
1821,3
1822,3
1823,3
1824,4
1825,2
1826,2
1827,5
1828,4
1829,4
1830,3
1831,0
1832,2
1833,9
1834,4
1835,8
1836,6
1837,9
1838,1
1839,3
1840,5
1841,3
1842,7
1843,5
1844,3
1845,1
1846,1
1847,7
1848,4
1849,8
1850,6
1851,8
1852,5
1853,3
1854,7
1855,8
1856,5
1857,6
1858,2
1859,7
1860,3
1861,3
1862,3
1863,9
1864,3
1865,3
1866,3
1867,5
1868,9
1869,3
1870,1
1871,5
1872,3
1873,5
1874,7
1875,9
1876,3
1877,3
1878,7
1879,2
1880,3
1881,2
1882,1
1883,5
1884,3
1885,3
1886,7
1887,2
1888,2
1889,2
1890,3
1891,5
1892,7
1893,9
1894,3
1895,9
1896,3
1897,2
1898,3
1899,3
1900,4
1901,7
1902,5
1903,2
1904,4
1905,1
1906,3
1907,2
1908,1
1909,5
1910,4
1911,3
1912,2
1913,2
1914,7
1915,4
1916,2
1917,1
1918,7
1919,1
1920,7
1921,3
1922,8
1923,5
1924,2
1925,9
1926,1
1927,8
1928,3
1929,1
1930,2
1931,5
1932,0
1933,9
1934,1
1935,2
1936,2
1937,1
1938,9
1939,5
1940,9
1941,5
1942,2
1943,3
1944,6
1945,1
1946,5
1947,3
1948,2
1949,3
1950,2
1951,5
1952,9
1953,9
1954,2
1955,5
1956,5
1957,8
1958,8
1959,9
1960,3
1961,1
1962,8
1963,2
1964,2
1965,5
1966,5
1967,2
1968,5
1969,6
1970,5
1971,1
1972,2
1973,5
1974,4
1975,0
1976,2
1977,2
1978,1
1979,1
1980,0
1981,1
1982,1
1983,2
1984,2
1985,1
1986,3
1987,2
1988,2
1989,7
1990,5
1991,2
1992,9
1993,9
1994,1
1995,2
1996,2
1997,9
1998,2
1999,2
2000,5
2001,2
2002,5
2003,2
2004,2
2005,2
2006,1
2007,2
2008,1
2009,2
2010,1
2011,1
2012,2
2013,5
2014,5
2015,5
2016,3
2017,2
2018,3
2019,2
2020,3
2021,2
2022,2
2023,2
2024,1
2025,2
2026,1
2027,8
2028,2
2029,2
2030,8
2031,2
2032,4
2033,2
2034,2
2035,9
2036,2
2037,0
2038,0
2039,0
2040,6
2041,8
2042,2
2043,3
2044,4
2045,9
2046,9
2047,4
2048,9
2049,4
2050,4
2051,8
2052,0
2053,0
2054,6
2055,4
2056,8
2057,4
2058,4
2059,3
2060,0
2061,4
2062,9
2063,4
2064,2
2065,9
2066,2
2067,5
2068,9
2069,0
2070,6
2071,0
2072,9
2073,8
2074,0
2075,0
2076,0
2077,8
2078,0
2079,0
2080,0
2081,0
2082,4
2083,4
2084,0
2085,2
2086,8
2087,5
2088,8
2089,8
2090,4
2091,6
2092,8
2093,6
2094,0
2095,8
2096,0
2097,0
2098,8
2099,8
2100,8
2101,4
2102,2
2103,2
2104,2
2105,2
2106,0
2107,2
2108,9
2109,8
2110,8
2111,8
2112,8
2113,8
2114,8
2115,2
2116,8
2117,8
2118,0
2119,4
2120,5
2121,4
2122,9
2123,4
2124,8
2125,5
2126,5
2127,4
2128,9
2129,5
2130,9
2131,6
2132,6
2133,5
2134,9
2135,9
2136,0
2137,5
2138,4
2139,2
2140,2
2141,3
2142,0
2143,5
2144,6
2145,0
2146,0
2147,1
2148,2
2149,2
2150,3
2151,0
2152,2
2153,2
2154,2
2155,7
2156,6
2157,6
2158,6
2159,2
2160,6
2161,2
2162,9
2163,3
2164,6
2165,8
2166,4
2167,8
2168,2
2169,3
2170,2
2171,4
2172,2
2173,5
2174,8
2175,9
2176,6
2177,9
2178,1
2179,8
2180,8
2181,8
2182,4
2183,4
2184,2
2185,2
2186,3
2187,3
2188,0
2189,0
2190,5
2191,4
2192,6
2193,3
2194,5
2195,6
2196,0
2197,0
2198,2
2199,4
2200,3
2201,6
2202,4
2203,8
2204,6
2205,0
2206,4
2207,8
2208,5
2209,4
2210,8
2211,5
2212,2
2213,3
2214,8
2215,5
2216,2
2217,5
2218,2
2219,0
2220,2
2221,1
2222,8
2223,0
2224,5
2225,8
2226,4
2227,8
2228,8
2229,0
2230,8
2231,5
2232,5
2233,2
2234,3
2235,8
2236,6
2237,8
2238,6
2239,2
2240,4
2241,2
2242,8
2243,8
2244,4
2245,5
2246,0
2247,2
2248,2
2249,8
2250,9
2251,5
2252,5
2253,3
2254,8
2255,2
2256,2
2257,5
2258,2
2259,9
2260,2
2261,8
2262,2
2263,8
2264,1
2265,9
2266,6
2267,8
2268,8
2269,1
2270,2
2271,5
2272,5
2273,2
2274,2
2275,2
2276,2
2277,8
2278,2
2279,2
2280,1
2281,5
2282,8
2283,2
2284,3
2285,6
2286,2
2287,4
2288,5
2289,5
2290,8
2291,5
2292,3
2293,8
2294,8
2295,4
2296,4
2297,5
2298,3
2299,5
2300,8
2301,8
2302,8
2303,2
2304,7
2305,2
2306,4
2307,2
2308,4
2309,2
2310,5
2311,6
2312,2
2313,8
2314,2
2315,0
2316,4
2317,8
2318,2
2319,4
2320,8
2321,5
2322,6
2323,2
2324,3
2325,9
2326,2
2327,4
2328,2
2329,5
2330,9
2331,0
2332,9
2333,5
2334,5
2335,4
2336,2
2337,4
2338,5
2339,2
2340,2
2341,2
2342,9
2343,4
2344,4
2345,5
2346,3
2347,2
2348,5
2349,7
2350,6
2351,2
2352,1
2353,9
2354,2
2355,2
2356,2
2357,2
2358,2
2359,2
2360,2
2361,2
2362,2
2363,2
2364,2
2365,2
2366,5
2367,1
2368,5
2369,2
2370,2
2371,3
2372,2
2373,1
2374,2
2375,2
2376,9
2377,2
2378,8
2379,5
2380,1
2381,1
2382,4
2383,5
2384,2
2385,5
2386,3
2387,2
2388,2
2389,2
2390,2
2391,1
2392,5
2393,5
2394,6
2395,0
2396,6
2397,1
2398,3
2399,6
2400,0
2401,8
2402,0
2403,8
2404,0
2405,8
2406,8
2407,0
2408,4
2409,9
2410,4
2411,4
2412,3
2413,1
2414,8
2415,0
2416,2
2417,8
2418,3
2419,6
2420,3
2421,2
2422,8
2423,3
2424,0
2425,6
2426,7
2427,0
2428,5
2429,8
2430,5
2431,0
2432,6
2433,4
2434,0
2435,5
2436,8
2437,4
2438,2
2439,8
2440,2
2441,8
2442,8
2443,3
2444,0
2445,5
2446,2
2447,8
2448,0
2449,8
2450,1
2451,4
2452,5
2453,3
2454,0
2455,8
2456,3
2457,6
2458,6
2459,5
2460,0
2461,5
2462,3
2463,2
2464,5
2465,8
2466,8
2467,4
2468,0
2469,5
2470,3
2471,6
2472,2
2473,8
2474,7
2475,2
2476,3
2477,8
2478,5
2479,9
2480,5
2481,8
2482,2
2483,9
2484,5
2485,6
2486,1
2487,3
2488,3
2489,1
2490,0
2491,2
2492,4
2493,0
2494,7
2495,5
2496,9
2497,1
2498,1
2499,5
2500,7
2501,8
2502,0
2503,6
2504,8
2505,0
2506,1
2507,0
2508,5
2509,2
2510,2
2511,5
2512,3
2513,4
2514,1
2515,2
2516,2
2517,5
2518,9
2519,5
2520,8
2521,8
2522,0
2523,3
2524,4
2525,0
2526,0
2527,3
2528,8
2529,9
2530,4
2531,4
2532,8
2533,5
2534,5
2535,3
2536,5
2537,0
2538,4
2539,4
2540,1
2541,4
2542,1
2543,1
2544,5
2545,7
2546,2
2547,2
2548,2
2549,1
2550,1
2551,1
2552,1
2553,3
2554,1
2555,7
2556,2
2557,5
2558,7
2559,7
2560,1
2561,7
2562,1
2563,7
2564,7
2565,4
2566,3
2567,7
2568,7
2569,5
2570,8
2571,5
2572,5
2573,2
2574,6
2575,7
2576,3
2577,7
2578,1
2579,3
2580,5
2581,1
2582,3
2583,2
2584,1
2585,3
2586,6
2587,3
2588,2
2589,7
2590,2
2591,0
2592,4
2593,7
2594,6
2595,2
2596,5
2597,2
2598,5
2599,7
2600,2
2601,5
2602,4
2603,5
2604,2
2605,6
2606,7
2607,1
2608,1
2609,2
2610,7
2611,2
2612,2
2613,1
2614,5
2615,6
2616,2
2617,5
2618,3
2619,5
2620,2
2621,7
2622,3
2623,1
2624,8
2625,7
2626,1
2627,6
2628,9
2629,5
2630,8
2631,2
2632,8
2633,6
2634,7
2635,2
2636,1
2637,1
2638,2
2639,2
2640,2
2641,2
2642,2
2643,2
2644,1
2645,8
2646,9
2647,1
2648,1
2649,2
2650,7
2651,2
2652,2
2653,2
2654,7
2655,2
2656,7
2657,5
2658,5
2659,7
2660,7
2661,7
2662,5
2663,3
2664,3
2665,7
2666,5
2667,1
2668,5
2669,8
2670,7
2671,5
2672,1
2673,7
2674,1
2675,8
2676,2
2677,0
2678,8
2679,3
2680,2
2681,3
2682,2
2683,2
2684,0
2685,3
2686,9
2687,2
2688,1
2689,3
2690,1
2691,1
2692,1
2693,1
2694,5
2695,7
2696,3
2697,7
2698,2
2699,2
2700,3
2701,4
2702,4
2703,2
2704,1
2705,7
2706,2
2707,2
2708,2
2709,1
2710,2
2711,7
2712,2
2713,3
2714,4
2715,8
2716,5
2717,1
2718,3
2719,8
2720,8
2721,6
2722,5
2723,4
2724,4
2725,8
2726,2
2727,2
2728,5
2729,8
2730,2
2731,2
2732,6
2733,5
2734,4
2735,4
2736,5
2737,2
2738,5
2739,1
2740,8
2741,0
2742,5
2743,6
2744,2
2745,0
2746,4
2747,4
2748,5
2749,0
2750,2
2751,5
2752,3
2753,0
2754,0
2755,0
2756,0
2757,1
2758,8
2759,0
2760,0
2761,8
2762,8
2763,0
2764,8
2765,8
2766,8
2767,0
2768,0
2769,8
2770,2
2771,3
2772,8
2773,2
2774,8
2775,0
2776,8
2777,0
2778,8
2779,6
2780,0
2781,0
2782,0
2783,8
2784,8
2785,8
2786,8
2787,8
2788,2
2789,8
2790,8
2791,5
2792,8
2793,8
2794,2
2795,0
2796,2
2797,4
2798,2
2799,2
2800,8
2801,2
2802,8
2803,2
2804,8
2805,3
2806,8
2807,9
2808,9
2809,5
2810,2
2811,8
2812,2
2813,1
2814,2
2815,4
2816,8
2817,1
2818,2
2819,1
2820,5
2821,3
2822,2
2823,1
2824,8
2825,2
2826,3
2827,8
2828,1
2829,9
2830,1
2831,2
2832,1
2833,6
2834,5
2835,8
2836,2
2837,1
2838,8
2839,2
2840,2
2841,2
2842,1
2843,2
2844,2
2845,8
2846,2
2847,5
2848,8
2849,2
2850,1
2851,2
2852,5
2853,2
2854,0
2855,5
2856,1
2857,5
2858,1
2859,2
2860,2
2861,2
2862,2
2863,3
2864,2
2865,1
2866,1
2867,8
2868,8
2869,1
2870,3
2871,8
2872,4
2873,1
2874,8
2875,2
2876,2
2877,2
2878,5
2879,8
2880,2
2881,2
2882,7
2883,1
2884,2
2885,8
2886,2
2887,2
2888,2
2889,2
2890,8
2891,8
2892,2
2893,1
2894,8
2895,8
2896,8
2897,3
2898,2
2899,0
2900,0
2901,8
2902,4
2903,8
2904,0
2905,2
2906,0
2907,8
2908,7
2909,2
2910,2
2911,1
2912,7
2913,7
2914,1
2915,3
2916,5
2917,2
2918,2
2919,2
2920,2
2921,2
2922,5
2923,2
2924,8
2925,2
2926,2
2927,6
2928,4
2929,1
2930,2
2931,2
2932,7
2933,0
2934,8
2935,2
2936,3
2937,7
2938,7
2939,1
2940,8
2941,1
2942,1
2943,0
2944,8
2945,2
2946,8
2947,2
2948,8
2949,1
2950,2
2951,3
2952,1
2953,0
2954,8
2955,7
2956,8
2957,5
2958,7
2959,8
2960,8
2961,7
2962,3
2963,7
2964,2
2965,2
2966,5
2967,2
2968,1
2969,5
2970,0
2971,8
2972,5
2973,8
2974,5
2975,2
2976,1
2977,1
2978,5
2979,1
2980,1
2981,4
2982,2
2983,2
2984,7
2985,5
2986,4
2987,3
2988,1
2989,8
2990,4
2991,5
2992,9
2993,9
2994,9
2995,1
2996,6
2997,9
2998,6
2999,6
3000,8
3001,7
3002,1
3003,2
3004,8
3005,5
3006,8
3007,0
3008,0
3009,0
3010,8
3011,0
3012,5
3013,0
3014,7
3015,5
3016,5
3017,8
3018,7
3019,2
3020,2
3021,0
3022,5
3023,0
3024,6
3025,0
3026,0
3027,3
3028,5
3029,2
3030,8
3031,0
3032,5
3033,0
3034,1
3035,8
3036,0
3037,2
3038,2
3039,6
3040,0
3041,7
3042,5
3043,8
3044,8
3045,8
3046,7
3047,7
3048,9
3049,2
3050,1
3051,6
3052,0
3053,0
3054,2
3055,8
3056,1
3057,6
3058,0
3059,0
3060,8
3061,8
3062,8
3063,8
3064,6
3065,0
3066,0
3067,6
3068,2
3069,1
3070,7
3071,4
3072,5
3073,5
3074,5
3075,5
3076,7
3077,3
3078,2
3079,6
3080,2
3081,5
3082,4
3083,5
3084,3
3085,5
3086,8
3087,1
3088,4
3089,5
3090,2
3091,2
3092,2
3093,1
3094,4
3095,6
3096,6
3097,1
3098,8
3099,8
3100,5
3101,0
3102,2
3103,5
3104,5
3105,9
3106,1
3107,5
3108,3
3109,5
3110,4
3111,5
3112,5
3113,3
3114,1
3115,1
3116,5
3117,5
3118,0
3119,5
3120,5
3121,9
3122,2
3123,0
3124,4
3125,5
3126,4
3127,3
3128,5
3129,8
3130,5
3131,5
3132,2
3133,3
3134,5
3135,5
3136,9
3137,8
3138,6
3139,9
3140,4
3141,9
3142,0
3143,9
3144,0
3145,8
3146,9
3147,8
3148,8
3149,0
3150,8
3151,4
3152,5
3153,9
3154,9
3155,4
3156,8
3157,8
3158,4
3159,5
3160,0
3161,8
3162,4
3163,8
3164,9
3165,8
3166,8
3167,8
3168,0
3169,6
3170,2
3171,0
3172,0
3173,0
3174,7
3175,3
3176,0
3177,0
3178,4
3179,1
3180,2
3181,4
3182,0
3183,0
3184,8
3185,0
3186,0
3187,0
3188,5
3189,0
3190,6
3191,0
3192,6
3193,5
3194,4
3195,3
3196,8
3197,6
3198,8
3199,9
3200,1
3201,5
3202,2
3203,0
3204,4
3205,2
3206,4
3207,8
3208,2
3209,2
3210,5
3211,0
3212,8
3213,8
3214,2
3215,6
3216,8
3217,7
3218,8
3219,8
3220,4
3221,7
3222,7
3223,1
3224,0
3225,2
3226,4
3227,3
3228,4
3229,2
3230,0
3231,2
3232,6
3233,0
3234,8
3235,2
3236,8
3237,2
3238,1
3239,8
3240,8
3241,8
3242,4
3243,8
3244,2
3245,2
3246,2
3247,2
3248,6
3249,5
3250,8
3251,2
3252,8
3253,1
3254,2
3255,2
3256,7
3257,8
3258,3
3259,5
3260,8
3261,7
3262,2
3263,3
3264,9
3265,8
3266,8
3267,2
3268,5
3269,8
3270,1
3271,8
3272,8
3273,2
3274,2
3275,5
3276,2
3277,2
3278,2
3279,6
3280,3
3281,8
3282,8
3283,1
3284,7
3285,0
3286,1
3287,3
3288,1
3289,3
3290,1
3291,3
3292,2
3293,5
3294,8
3295,6
3296,2
3297,3
3298,7
3299,5
3300,2
3301,7
3302,2
3303,5
3304,6
3305,1
3306,2
3307,3
3308,7
3309,7
3310,2
3311,3
3312,7
3313,1
3314,9
3315,8
3316,5
3317,4
3318,7
3319,7
3320,3
3321,8
3322,3
3323,2
3324,2
3325,8
3326,7
3327,6
3328,3
3329,2
3330,5
3331,7
3332,3
3333,7
3334,5
3335,8
3336,5
3337,3
3338,2
3339,8
3340,5
3341,9
3342,3
3343,5
3344,3
3345,5
3346,8
3347,4
3348,7
3349,2
3350,5
3351,3
3352,3
3353,6
3354,1
3355,3
3356,3
3357,8
3358,2
3359,2
3360,2
3361,2
3362,2
3363,5
3364,2
3365,1
3366,0
3367,2
3368,8
3369,5
3370,5
3371,9
3372,8
3373,5
3374,1
3375,5
3376,2
3377,5
3378,3
3379,2
3380,8
3381,8
3382,3
3383,1
3384,3
3385,1
3386,5
3387,2
3388,5
3389,5
3390,2
3391,9
3392,8
3393,8
3394,1
3395,6
3396,5
3397,5
3398,8
3399,2
3400,9
3401,8
3402,5
3403,8
3404,5
3405,5
3406,3
3407,1
3408,5
3409,2
3410,2
3411,5
3412,1
3413,9
3414,6
3415,2
3416,2
3417,1
3418,5
3419,5
3420,5
3421,2
3422,5
3423,6
3424,9
3425,8
3426,5
3427,2
3428,1
3429,2
3430,2
3431,5
3432,2
3433,2
3434,5
3435,2
3436,5
3437,2
3438,2
3439,2
3440,1
3441,5
3442,8
3443,9
3444,5
3445,4
3446,5
3447,2
3448,8
3449,5
3450,5
3451,5
3452,5
3453,5
3454,9
3455,3
3456,5
3457,3
3458,5
3459,2
3460,2
3461,5
3462,2
3463,5
3464,8
3465,5
3466,2
3467,8
3468,2
3469,5
3470,5
3471,3
3472,2
3473,1
3474,2
3475,2
3476,5
3477,2
3478,9
3479,2
3480,3
3481,1
3482,1
3483,9
3484,6
3485,1
3486,5
3487,5
3488,0
3489,5
3490,0
3491,2
3492,2
3493,2
3494,5
3495,1
3496,1
3497,4
3498,6
3499,0
3500,6
3501,6
3502,6
3503,0
3504,0
3505,0
3506,6
3507,7
3508,8
3509,2
3510,7
3511,1
3512,2
3513,1
3514,2
3515,2
3516,5
3517,1
3518,5
3519,4
3520,1
3521,2
3522,5
3523,2
3524,2
3525,1
3526,1
3527,2
3528,1
3529,1
3530,1
3531,1
3532,1
3533,1
3534,5
3535,2
3536,3
3537,5
3538,2
3539,5
3540,1
3541,2
3542,0
3543,8
3544,0
3545,0
3546,8
3547,0
3548,4
3549,0
3550,0
3551,9
3552,5
3553,8
3554,8
3555,8
3556,8
3557,8
3558,9
3559,6
3560,8
3561,8
3562,8
3563,8
3564,8
3565,0
3566,0
3567,8
3568,2
3569,8
3570,5
3571,0
3572,8
3573,8
3574,8
3575,2
3576,8
3577,5
3578,8
3579,8
3580,8
3581,8
3582,8
3583,8
3584,6
3585,8
3586,8
3587,8
3588,8
3589,8
3590,8
3591,6
3592,8
3593,5
3594,6
3595,9
3596,8
3597,0
3598,4
3599,7
3600,1
3601,1
3602,2
3603,2
3604,2
3605,3
3606,8
3607,0
3608,0
3609,1
3610,2
3611,0
3612,8
3613,8
3614,7
3615,5
3616,3
3617,5
3618,2
3619,2
3620,2
3621,5
3622,3
3623,5
3624,3
3625,5
3626,2
3627,5
3628,2
3629,8
3630,2
3631,5
3632,5
3633,2
3634,2
3635,2
3636,1
3637,1
3638,5
3639,7
3640,1
3641,5
3642,1
3643,7
3644,5
3645,1
3646,1
3647,7
3648,1
3649,1
3650,1
3651,1
3652,3
3653,1
3654,1
3655,7
3656,2
3657,5
3658,2
3659,1
3660,3
3661,6
3662,1
3663,7
3664,1
3665,2
3666,2
3667,2
3668,2
3669,4
3670,8
3671,2
3672,7
3673,2
3674,3
3675,0
3676,0
3677,2
3678,6
3679,8
3680,0
3681,8
3682,2
3683,8
3684,8
3685,8
3686,8
3687,2
3688,8
3689,2
3690,2
3691,8
3692,2
3693,8
3694,6
3695,0
3696,2
3697,7
3698,0
3699,0
3700,2
3701,8
3702,2
3703,2
3704,2
3705,5
3706,8
3707,0
3708,8
3709,2
3710,1
3711,0
3712,6
3713,7
3714,0
3715,7
3716,8
3717,2
3718,8
3719,8
3720,5
3721,0
3722,7
3723,7
3724,8
3725,8
3726,7
3727,3
3728,0
3729,6
3730,8
3731,8
3732,6
3733,0
3734,8
3735,6
3736,6
3737,1
3738,8
3739,5
3740,5
3741,1
3742,2
3743,7
3744,1
3745,1
3746,1
3747,7
3748,5
3749,1
3750,1
3751,6
3752,8
3753,8
3754,8
3755,2
3756,1
3757,1
3758,1
3759,7
3760,2
3761,1
3762,1
3763,8
3764,1
3765,1
3766,1
3767,1
3768,1
3769,2
3770,1
3771,2
3772,2
3773,5
3774,1
3775,1
3776,1
3777,1
3778,1
3779,2
3780,2
3781,2
3782,1
3783,1
3784,2
3785,5
3786,1
3787,2
3788,1
3789,1
3790,1
3791,2
3792,1
3793,2
3794,1
3795,2
3796,1
3797,2
3798,1
3799,1
3800,1
3801,2
3802,1
3803,1
3804,1
3805,5
3806,1
3807,1
3808,1
3809,2
3810,2
3811,2
3812,1
3813,1
3814,1
3815,1
3816,1
3817,1
3818,1
3819,2
3820,1
3821,2
3822,1
3823,1
3824,8
3825,1
3826,2
3827,1
3828,1
3829,1
3830,1
3831,1
3832,1
3833,1
3834,1
3835,1
3836,1
3837,1
3838,1
3839,1
3840,5
3841,1
3842,2
3843,1
3844,1
3845,1
3846,5
3847,1
3848,8
3849,1
3850,3
3851,1
3852,1
3853,1
3854,5
3855,2
3856,2
3857,1
3858,1
3859,1
3860,1
3861,1
3862,1
3863,1
3864,1
3865,1
3866,1
3867,1
3868,1
3869,2
3870,1
3871,2
3872,2
3873,2
3874,2
3875,2
3876,2
3877,2
3878,1
3879,2
3880,2
3881,1
3882,1
3883,8
3884,2
3885,1
3886,1
3887,1
3888,2
3889,1
3890,1
3891,5
3892,1
3893,1
3894,1
3895,8
3896,2
3897,2
3898,2
3899,2
3900,1
3901,1
3902,1
3903,1
3904,2
3905,1
3906,1
3907,1
3908,2
3909,1
3910,1
3911,1
3912,1
3913,2
3914,1
3915,1
3916,1
3917,1
3918,1
3919,2
3920,8
3921,1
3922,1
3923,1
3924,8
3925,2
3926,1
3927,1
3928,1
3929,1
3930,1
3931,2
3932,1
3933,2
3934,5
3935,1
3936,2
3937,5
3938,1
3939,1
3940,1
3941,2
3942,1
3943,2
3944,1
3945,1
3946,1
3947,2
3948,1
3949,2
3950,1
3951,1
3952,1
3953,1
3954,1
3955,1
3956,2
3957,1
3958,1
3959,1
3960,1
3961,1
3962,1
3963,1
3964,1
3965,1
3966,1
3967,1
3968,1
3969,1
3970,7
3971,1
3972,8
3973,2
3974,8
3975,1
3976,1
3977,1
3978,1
3979,1
3980,1
3981,1
3982,2
3983,2
3984,2
3985,1
3986,2
3987,1
3988,1
3989,1
3990,1
3991,1
3992,5
3993,1
3994,1
3995,1
3996,2
3997,1
3998,2
3999,1
4000,1
4001,2
4002,1
4003,1
4004,1
4005,1
4006,5
4007,1
4008,1
4009,1
4010,1
4011,8
4012,1
4013,5
4014,1
4015,2
4016,2
4017,1
4018,2
4019,2
4020,5
4021,2
4022,2
4023,5
4024,1
4025,1
4026,9
4027,5
4028,2
4029,1
4030,1
4031,1
4032,1
4033,2
4034,1
4035,1
4036,2
4037,0
4038,5
4039,8
4040,2
4041,0
4042,2
4043,8
4044,1
4045,2
4046,8
4047,8
4048,8
4049,8
4050,0
4051,2
4052,2
4053,1
4054,2
4055,0
4056,8
4057,8
4058,2
4059,7
4060,2
4061,7
4062,7
4063,4
4064,2
4065,0
4066,2
4067,8
4068,7
4069,2
4070,2
4071,1
4072,2
4073,2
4074,1
4075,7
4076,1
4077,2
4078,8
4079,2
4080,8
4081,8
4082,9
4083,1
4084,4
4085,7
4086,2
4087,1
4088,1
4089,1
4090,2
4091,1
4092,5
4093,1
4094,2
4095,7
4096,1
4097,2
4098,8
4099,2
4100,8
4101,7
4102,2
4103,2
4104,1
4105,7
4106,2
4107,4
4108,7
4109,1
4110,8
4111,2
4112,2
4113,9
4114,2
4115,1
4116,2
4117,9
4118,8
4119,6
4120,2
4121,8
4122,0
4123,8
4124,1
4125,2
4126,8
4127,7
4128,8
4129,8
4130,8
4131,2
4132,2
4133,2
4134,1
4135,9
4136,5
4137,2
4138,2
4139,8
4140,8
4141,8
4142,8
4143,8
4144,2
4145,6
4146,6
4147,9
4148,1
4149,7
4150,2
4151,8
4152,2
4153,4
4154,3
4155,7
4156,8
4157,1
4158,3
4159,2
4160,0
4161,7
4162,7
4163,8
4164,5
4165,0
4166,8
4167,1
4168,6
4169,8
4170,3
4171,1
4172,1
4173,3
4174,6
4175,3
4176,6
4177,5
4178,3
4179,5
4180,0
4181,5
4182,2
4183,4
4184,5
4185,2
4186,2
4187,2
4188,2
4189,2
4190,1
4191,3
4192,2
4193,7
4194,2
4195,5
4196,2
4197,1
4198,1
4199,2
4200,2
4201,6
4202,8
4203,2
4204,2
4205,2
4206,2
4207,1
4208,5
4209,5
4210,1
4211,2
4212,4
4213,8
4214,6
4215,8
4216,7
4217,5
4218,6
4219,1
4220,6
4221,8
4222,2
4223,0
4224,1
4225,8
4226,5
4227,3
4228,1
4229,7
4230,2
4231,8
4232,2
4233,8
4234,1
4235,2
4236,2
4237,1
4238,3
4239,6
4240,5
4241,2
4242,3
4243,3
4244,1
4245,2
4246,2
4247,8
4248,1
4249,2
4250,2
4251,2
4252,1
4253,2
4254,5
4255,2
4256,5
4257,8
4258,8
4259,8
4260,8
4261,0
4262,8
4263,8
4264,8
4265,8
4266,8
4267,8
4268,2
4269,8
4270,8
4271,2
4272,6
4273,7
4274,2
4275,2
4276,2
4277,2
4278,2
4279,2
4280,8
4281,2
4282,1
4283,5
4284,8
4285,5
4286,0
4287,2
4288,8
4289,2
4290,2
4291,8
4292,2
4293,4
4294,8
4295,2
4296,2
4297,2
4298,2
4299,9
4300,2
4301,9
4302,2
4303,5
4304,2
4305,4
4306,5
4307,8
4308,6
4309,1
4310,2
4311,2
4312,1
4313,2
4314,2
4315,2
4316,2
4317,8
4318,9
4319,8
4320,5
4321,2
4322,2
4323,2
4324,9
4325,2
4326,2
4327,2
4328,2
4329,2
4330,3
4331,8
4332,5
4333,2
4334,2
4335,2
4336,2
4337,2
4338,2
4339,5
4340,2
4341,1
4342,4
4343,2
4344,2
4345,2
4346,2
4347,2
4348,2
4349,2
4350,8
4351,8
4352,2
4353,2
4354,2
4355,2
4356,2
4357,2
4358,2
4359,5
4360,2
4361,2
4362,5
4363,2
4364,2
4365,2
4366,2
4367,2
4368,2
4369,2
4370,2
4371,2
4372,2
4373,2
4374,5
4375,2
4376,2
4377,2
4378,2
4379,2
4380,2
4381,2
4382,8
4383,2
4384,2
4385,2
4386,8
4387,4
4388,2
4389,2
4390,2
4391,2
4392,2
4393,2
4394,2
4395,2
4396,2
4397,2
4398,2
4399,2
4400,2
4401,2
4402,2
4403,2
4404,2
4405,2
4406,2
4407,2
4408,2
4409,2
4410,2
4411,2
4412,2
4413,2
4414,2
4415,2
4416,2
4417,2
4418,2
4419,2
4420,2
4421,2
4422,2
4423,2
4424,2
4425,2
4426,2
4427,2
4428,2
4429,2
4430,2
4431,2
4432,2
4433,2
4434,2
4435,2
4436,2
4437,2
4438,2
4439,2
4440,2
4441,2
4442,2
4443,2
4444,2
4445,2
4446,2
4447,2
4448,2
4449,2
4450,2
4451,2
4452,2
4453,2
4454,2
4455,2
4456,2
4457,2
4458,2
4459,2
4460,2
4461,2
4462,5
4463,5
4464,5
4465,5
4466,5
4467,1
4468,1
4469,5
4470,5
4471,5
4472,5
4473,5
4474,2
4475,6
4476,5
4477,3
4478,5
4479,5
4480,2
4481,8
4482,8
4483,5
4484,8
4485,8
4486,1
4487,8
4488,5
4489,8
4490,8
4491,8
4492,1
4493,7
4494,1
4495,8
4496,2
4497,1
4498,3
4499,7
4500,2
4501,1
4502,2
4503,5
4504,7
4505,2
4506,5
4507,2
4508,2
4509,1
4510,1
4511,7
4512,1
4513,2
4514,1
4515,7
4516,5
4517,8
4518,5
4519,1
4520,2
4521,2
4522,5
4523,5
4524,2
4525,5
4526,2
4527,8
4528,5
4529,2
4530,1
4531,5
4532,1
4533,1
4534,2
4535,2
4536,2
4537,1
4538,1
4539,7
4540,5
4541,1
4542,8
4543,7
4544,2
4545,1
4546,1
4547,1
4548,1
4549,1
4550,1
4551,1
4552,5
4553,7
4554,1
4555,1
4556,1
4557,1
4558,2
4559,2
4560,3
4561,2
4562,2
4563,5
4564,2
4565,2
4566,1
4567,2
4568,2
4569,2
4570,2
4571,2
4572,2
4573,1
4574,1
4575,2
4576,2
4577,2
4578,2
4579,2
4580,2
4581,2
4582,8
4583,2
4584,2
4585,2
4586,2
4587,1
4588,1
4589,5
4590,2
4591,1
4592,3
4593,2
4594,2
4595,2
4596,1
4597,2
4598,2
4599,1
4600,2
4601,8
4602,2
4603,7
4604,1
4605,5
4606,1
4607,2
4608,8
4609,5
4610,1
4611,2
4612,2
4613,2
4614,2
4615,2
4616,8
4617,2
4618,8
4619,2
4620,2
4621,2
4622,2
4623,2
4624,1
4625,2
4626,9
4627,2
4628,5
4629,5
4630,2
4631,2
4632,2
4633,2
4634,2
4635,1
4636,2
4637,2
4638,2
4639,2
4640,2
4641,2
4642,8
4643,2
4644,2
4645,3
4646,2
4647,2
4648,2
4649,2
4650,2
4651,2
4652,2
4653,2
4654,2
4655,2
4656,2
4657,2
4658,2
4659,2
4660,2
4661,2
4662,2
4663,7
4664,5
4665,1
4666,3
4667,2
4668,3
4669,2
4670,8
4671,0
4672,1
4673,2
4674,8
4675,8
4676,6
4677,1
4678,8
4679,8
4680,2
4681,8
4682,8
4683,0
4684,8
4685,8
4686,6
4687,2
4688,2
4689,8
4690,7
4691,9
4692,2
4693,2
4694,2
4695,2
4696,8
4697,3
4698,0
4699,2
4700,2
4701,3
4702,2
4703,3
4704,5
4705,3
4706,1
4707,2
4708,2
4709,1
4710,3
4711,2
4712,3
4713,2
4714,6
4715,1
4716,2
4717,2
4718,2
4719,3
4720,2
4721,3
4722,9
4723,1
4724,5
4725,3
4726,3
4727,4
4728,6
4729,3
4730,1
4731,5
4732,9
4733,8
4734,5
4735,9
4736,0
4737,8
4738,5
4739,5
4740,5
4741,5
4742,8
4743,8
4744,8
4745,2
4746,8
4747,1
4748,2
4749,8
4750,8
4751,8
4752,4
4753,8
4754,2
4755,2
4756,2
4757,2
4758,1
4759,5
4760,8
4761,5
4762,8
4763,2
4764,5
4765,9
4766,1
4767,1
4768,8
4769,2
4770,2
4771,1
4772,2
4773,2
4774,2
4775,2
4776,8
4777,1
4778,2
4779,2
4780,2
4781,2
4782,8
4783,2
4784,2
4785,2
4786,2
4787,8
4788,2
4789,5
4790,2
4791,2
4792,8
4793,5
4794,9
4795,2
4796,2
4797,5
4798,1
4799,2
4800,2
4801,2
4802,4
4803,1
4804,2
4805,2
4806,2
4807,2
4808,2
4809,2
4810,2
4811,2
4812,2
4813,1
4814,1
4815,2
4816,2
4817,2
4818,2
4819,4
4820,2
4821,9
4822,5
4823,2
4824,2
4825,5
4826,2
4827,8
4828,2
4829,2
4830,5
4831,1
4832,2
4833,8
4834,6
4835,3
4836,5
4837,3
4838,2
4839,8
4840,1
4841,2
4842,1
4843,8
4844,8
4845,2
4846,2
4847,8
4848,2
4849,2
4850,8
4851,2
4852,8
4853,8
4854,5
4855,4
4856,9
4857,8
4858,8
4859,9
4860,7
4861,8
4862,2
4863,2
4864,7
4865,8
4866,5
4867,8
4868,8
4869,2
4870,9
4871,5
4872,1
4873,8
4874,7
4875,1
4876,2
4877,0
4878,8
4879,8
4880,8
4881,8
4882,8
4883,2
4884,8
4885,8
4886,5
4887,8
4888,2
4889,0
4890,2
4891,1
4892,0
4893,0
4894,3
4895,8
4896,2
4897,8
4898,0
4899,8
4900,8
4901,8
4902,8
4903,2
4904,2
4905,8
4906,1
4907,6
4908,5
4909,2
4910,8
4911,8
4912,8
4913,8
4914,2
4915,8
4916,1
4917,1
4918,2
4919,2
4920,2
4921,2
4922,0
4923,8
4924,3
4925,1
4926,2
4927,2
4928,8
4929,5
4930,8
4931,6
4932,2
4933,2
4934,8
4935,2
4936,2
4937,8
4938,1
4939,2
4940,3
4941,3
4942,5
4943,2
4944,1
4945,3
4946,2
4947,1
4948,2
4949,6
4950,3
4951,6
4952,2
4953,8
4954,1
4955,2
4956,8
4957,2
4958,2
4959,2
4960,2
4961,2
4962,2
4963,2
4964,2
4965,2
4966,2
4967,5
4968,1
4969,8
4970,2
4971,2
4972,2
4973,2
4974,2
4975,5
4976,2
4977,6
4978,0
4979,3
4980,5
4981,6
4982,7
4983,5
4984,1
4985,2
4986,2
4987,9
4988,3
4989,2
4990,2
4991,1
4992,3
4993,1
4994,2
4995,1
4996,3
4997,2
4998,1
4999,1
5000,2
5001,5
5002,7
5003,1
5004,3
5005,1
5006,5
5007,8
5008,8
5009,4
5010,2
5011,5
5012,9
5013,5
5014,1
5015,2
5016,2
5017,7
5018,1
5019,1
5020,2
5021,2
5022,2
5023,1
5024,5
5025,4
5026,3
5027,2
5028,3
5029,2
5030,2
5031,1
5032,2
5033,2
5034,2
5035,2
5036,3
5037,5
5038,2
5039,8
5040,2
5041,2
5042,2
5043,2
5044,1
5045,5
5046,8
5047,8
5048,8
5049,2
5050,5
5051,2
5052,8
5053,8
5054,8
5055,8
5056,0
5057,2
5058,8
5059,8
5060,1
5061,8
5062,8
5063,8
5064,8
5065,0
5066,8
5067,8
5068,2
5069,5
5070,8
5071,1
5072,8
5073,7
5074,8
5075,0
5076,2
5077,0
5078,2
5079,8
5080,8
5081,8
5082,8
5083,0
5084,1
5085,2
5086,2
5087,8
5088,2
5089,2
5090,8
5091,5
5092,8
5093,8
5094,2
5095,0
5096,2
5097,2
5098,8
5099,8
5100,7
5101,2
5102,2
5103,2
5104,6
5105,5
5106,7
5107,1
5108,1
5109,8
5110,8
5111,7
5112,2
5113,3
5114,1
5115,1
5116,2
5117,2
5118,8
5119,7
5120,1
5121,7
5122,5
5123,1
5124,5
5125,2
5126,7
5127,3
5128,7
5129,8
5130,7
5131,3
5132,2
5133,8
5134,7
5135,7
5136,8
5137,5
5138,1
5139,1
5140,7
5141,3
5142,8
5143,8
5144,7
5145,2
5146,1
5147,3
5148,3
5149,2
5150,5
5151,8
5152,1
5153,2
5154,2
5155,0
5156,0
5157,0
5158,8
5159,0
5160,0
5161,2
5162,2
5163,2
5164,5
5165,5
5166,8
5167,6
5168,5
5169,5
5170,2
5171,3
5172,2
5173,1
5174,1
5175,8
5176,3
5177,2
5178,5
5179,5
5180,5
5181,5
5182,8
5183,8
5184,1
5185,1
5186,1
5187,2
5188,3
5189,8
5190,8
5191,1
5192,3
5193,3
5194,8
5195,6
5196,8
5197,8
5198,5
5199,8
5200,2
5201,8
5202,7
5203,8
5204,7
5205,2
5206,8
5207,1
5208,3
5209,1
5210,8
5211,2
5212,7
5213,7
5214,8
5215,2
5216,2
5217,5
5218,6
5219,8
5220,8
5221,2
5222,2
5223,2
5224,2
5225,1
5226,8
5227,8
5228,2
5229,2
5230,5
5231,2
5232,1
5233,2
5234,2
5235,2
5236,0
5237,2
5238,2
5239,2
5240,8
5241,1
5242,2
5243,1
5244,7
5245,7
5246,5
5247,1
5248,8
5249,1
5250,2
5251,2
5252,2
5253,1
5254,2
5255,2
5256,1
5257,2
5258,5
5259,2
5260,1
5261,8
5262,5
5263,8
5264,4
5265,8
5266,2
5267,2
5268,2
5269,2
5270,9
5271,8
5272,8
5273,2
5274,5
5275,8
5276,8
5277,8
5278,5
5279,8
5280,5
5281,4
5282,2
5283,1
5284,8
5285,4
5286,2
5287,7
5288,1
5289,8
5290,2
5291,8
5292,8
5293,8
5294,8
5295,2
5296,1
5297,8
5298,2
5299,8
5300,5
5301,2
5302,8
5303,9
5304,8
5305,8
5306,4
5307,8
5308,8
5309,8
5310,0
5311,2
5312,8
5313,8
5314,8
5315,8
5316,2
5317,8
5318,8
5319,8
5320,8
5321,2
5322,2
5323,2
5324,5
5325,7
5326,8
5327,1
5328,8
5329,6
5330,5
5331,7
5332,8
5333,5
5334,8
5335,5
5336,1
5337,8
5338,8
5339,8
5340,8
5341,8
5342,5
5343,7
5344,8
5345,2
5346,8
5347,8
5348,8
5349,8
5350,1
5351,1
5352,8
5353,0
5354,8
5355,2
5356,7
5357,2
5358,2
5359,2
5360,8
5361,8
5362,2
5363,5
5364,2
5365,8
5366,5
5367,2
5368,0
5369,2
5370,2
5371,2
5372,8
5373,8
5374,8
5375,8
5376,7
5377,5
5378,1
5379,4
5380,5
5381,2
5382,8
5383,2
5384,1
5385,8
5386,5
5387,1
5388,2
5389,2
5390,8
5391,5
5392,2
5393,2
5394,2
5395,0
5396,8
5397,8
5398,1
5399,2
5400,8
5401,2
5402,2
5403,8
5404,2
5405,8
5406,7
5407,8
5408,7
5409,2
5410,5
5411,8
5412,8
5413,8
5414,8
5415,8
5416,8
5417,4
5418,8
5419,2
5420,8
5421,6
5422,8
5423,8
5424,8
5425,8
5426,8
5427,8
5428,8
5429,8
5430,2
5431,1
5432,8
5433,8
5434,1
5435,5
5436,1
5437,1
5438,8
5439,1
5440,5
5441,8
5442,5
5443,1
5444,1
5445,1
5446,2
5447,1
5448,1
5449,9
5450,8
5451,8
5452,8
5453,2
5454,2
5455,8
5456,2
5457,8
5458,1
5459,8
5460,8
5461,8
5462,8
5463,8
5464,8
5465,8
5466,8
5467,1
5468,2
5469,2
5470,8
5471,1
5472,0
5473,8
5474,0
5475,5
5476,1
5477,8
5478,1
5479,1
5480,5
5481,8
5482,2
5483,2
5484,8
5485,8
5486,2
5487,8
5488,2
5489,2
5490,2
5491,2
5492,5
5493,7
5494,3
5495,6
5496,2
5497,8
5498,2
5499,8
5500,0
5501,2
5502,2
5503,2
5504,2
5505,9
5506,2
5507,2
5508,2
5509,2
5510,5
5511,8
5512,0
5513,8
5514,8
5515,8
5516,8
5517,5
5518,8
5519,8
5520,8
5521,8
5522,8
5523,4
5524,8
5525,8
5526,8
5527,8
5528,0
5529,8
5530,8
5531,8
5532,8
5533,3
5534,8
5535,1
5536,0
5537,8
5538,8
5539,8
5540,8
5541,8
5542,8
5543,8
5544,2
5545,5
5546,6
5547,6
5548,8
5549,6
5550,2
5551,0
5552,8
5553,2
5554,7
5555,8
5556,2
5557,8
5558,8
5559,8
5560,5
5561,2
5562,9
5563,2
5564,8
5565,5
5566,3
5567,5
5568,8
5569,2
5570,1
5571,1
5572,5
5573,7
5574,8
5575,7
5576,2
5577,8
5578,1
5579,1
5580,8
5581,2
5582,2
5583,2
5584,8
5585,0
5586,2
5587,5
5588,2
5589,8
5590,1
5591,1
5592,2
5593,2
5594,2
5595,2
5596,2
5597,1
5598,5
5599,8
5600,8
5601,1
5602,2
5603,2
5604,8
5605,6
5606,2
5607,8
5608,2
5609,8
5610,8
5611,8
5612,0
5613,2
5614,5
5615,8
5616,2
5617,2
5618,5
5619,2
5620,2
5621,4
5622,5
5623,2
5624,5
5625,5
5626,9
5627,8
5628,7
5629,9
5630,9
5631,5
5632,2
5633,7
5634,5
5635,5
5636,5
5637,2
5638,5
5639,5
5640,5
5641,5
5642,5
5643,1
5644,2
5645,5
5646,9
5647,5
5648,5
5649,2
5650,1
5651,5
5652,5
5653,5
5654,5
5655,5
5656,5
5657,9
5658,5
5659,5
5660,5
5661,5
5662,5
5663,5
5664,5
5665,5
5666,8
5667,1
5668,1
5669,5
5670,5
5671,2
5672,2
5673,2
5674,2
5675,2
5676,2
5677,5
5678,5
5679,2
5680,1
5681,8
5682,5
5683,1
5684,4
5685,9
5686,9
5687,2
5688,2
5689,8
5690,8
5691,8
5692,1
5693,1
5694,1
5695,1
5696,2
5697,3
5698,1
5699,7
5700,1
5701,1
5702,1
5703,2
5704,2
5705,1
5706,1
5707,1
5708,2
5709,2
5710,2
5711,2
5712,1
5713,2
5714,0
5715,2
5716,2
5717,1
5718,2
5719,7
5720,1
5721,2
5722,5
5723,1
5724,2
5725,7
5726,7
5727,7
5728,7
5729,2
5730,2
5731,2
5732,2
5733,1
5734,2
5735,2
5736,1
5737,2
5738,2
5739,2
5740,2
5741,8
5742,7
5743,1
5744,7
5745,7
5746,7
5747,3
5748,7
5749,8
5750,7
5751,4
5752,7
5753,5
5754,1
5755,5
5756,1
5757,5
5758,7
5759,2
5760,1
5761,7
5762,2
5763,2
5764,1
5765,3
5766,2
5767,8
5768,8
5769,2
5770,0
5771,0
5772,8
5773,8
5774,7
5775,2
5776,8
5777,0
5778,5
5779,0
5780,8
5781,8
5782,8
5783,8
5784,8
5785,5
5786,8
5787,8
5788,8
5789,8
5790,8
5791,8
5792,8
5793,0
5794,2
5795,7
5796,2
5797,8
5798,8
5799,7
5800,8
5801,8
5802,2
5803,2
5804,8
5805,2
5806,1
5807,2
5808,7
5809,2
5810,2
5811,2
5812,1
5813,8
5814,2
5815,2
5816,1
5817,1
5818,1
5819,2
5820,1
5821,2
5822,2
5823,2
5824,1
5825,2
5826,2
5827,5
5828,2
5829,2
5830,5
5831,2
5832,2
5833,0
5834,5
5835,1
5836,3
5837,1
5838,1
5839,5
5840,7
5841,7
5842,1
5843,7
5844,2
5845,1
5846,1
5847,2
5848,2
5849,2
5850,2
5851,1
5852,5
5853,2
5854,2
5855,1
5856,2
5857,8
5858,2
5859,6
5860,4
5861,8
5862,2
5863,2
5864,1
5865,2
5866,2
5867,2
5868,2
5869,1
5870,1
5871,1
5872,7
5873,1
5874,2
5875,1
5876,7
5877,5
5878,3
5879,1
5880,2
5881,1
5882,1
5883,1
5884,1
5885,2
5886,8
5887,2
5888,8
5889,1
5890,1
5891,1
5892,2
5893,2
5894,1
5895,2
5896,2
5897,5
5898,7
5899,8
5900,2
5901,2
5902,1
5903,1
5904,1
5905,2
5906,1
5907,7
5908,1
5909,1
5910,2
5911,1
5912,1
5913,7
5914,1
5915,2
5916,7
5917,7
5918,2
5919,2
5920,2
5921,5
5922,2
5923,2
5924,1
5925,2
5926,1
5927,8
5928,5
5929,2
5930,2
5931,1
5932,2
5933,6
5934,8
5935,2
5936,1
5937,7
5938,1
5939,2
5940,1
5941,1
5942,2
5943,1
5944,2
5945,2
5946,1
5947,7
5948,2
5949,5
5950,2
5951,2
5952,1
5953,7
5954,1
5955,1
5956,1
5957,2
5958,2
5959,1
5960,1
5961,1
5962,2
5963,2
5964,1
5965,1
5966,2
5967,5
5968,2
5969,2
5970,5
5971,2
5972,3
5973,2
5974,5
5975,1
5976,1
5977,2
5978,2
5979,1
5980,2
5981,3
5982,2
5983,1
5984,5
5985,2
5986,2
5987,8
5988,1
5989,3
5990,5
5991,1
5992,2
5993,1
5994,2
5995,2
5996,1
5997,7
5998,1
5999,7
6000,1
6001,3
6002,7
6003,5
6004,3
6005,8
6006,7
6007,2
6008,2
6009,2
6010,2
6011,2
6012,2
6013,8
6014,2
6015,8
6016,8
6017,5
6018,2
6019,4
6020,5
6021,0
6022,5
6023,4
6024,8
6025,5
6026,5
6027,5
6028,5
6029,5
6030,1
6031,5
6032,3
6033,1
6034,5
6035,2
6036,1
6037,1
6038,7
6039,7
6040,2
6041,2
6042,7
6043,1
6044,7
6045,2
6046,7
6047,2
6048,7
6049,2
6050,2
6051,1
6052,2
6053,5
6054,1
6055,2
6056,2
6057,2
6058,2
6059,8
6060,3
6061,2
6062,2
6063,2
6064,1
6065,2
6066,1
6067,2
6068,1
6069,2
6070,2
6071,2
6072,5
6073,1
6074,5
6075,8
6076,3
6077,5
6078,5
6079,2
6080,2
6081,2
6082,3
6083,5
6084,2
6085,1
6086,2
6087,1
6088,2
6089,5
6090,2
6091,8
6092,5
6093,5
6094,1
6095,2
6096,2
6097,7
6098,7
6099,2
6100,3
6101,8
6102,2
6103,5
6104,8
6105,1
6106,2
6107,1
6108,5
6109,1
6110,1
6111,1
6112,2
6113,5
6114,1
6115,2
6116,1
6117,8
6118,2
6119,1
6120,2
6121,2
6122,2
6123,5
6124,1
6125,2
6126,6
6127,4
6128,8
6129,8
6130,8
6131,8
6132,8
6133,5
6134,4
6135,2
6136,2
6137,5
6138,2
6139,2
6140,2
6141,2
6142,2
6143,2
6144,2
6145,5
6146,2
6147,6
6148,6
6149,8
6150,5
6151,8
6152,6
6153,5
6154,6
6155,5
6156,8
6157,8
6158,8
6159,2
6160,2
6161,2
6162,1
6163,2
6164,6
6165,5
6166,2
6167,2
6168,0
6169,2
6170,1
6171,8
6172,2
6173,1
6174,2
6175,2
6176,8
6177,8
6178,2
6179,2
6180,2
6181,8
6182,1
6183,7
6184,3
6185,7
6186,3
6187,2
6188,2
6189,1
6190,1
6191,1
6192,7
6193,5
6194,9
6195,2
6196,2
6197,7
6198,2
6199,0
6200,2
6201,2
6202,1
6203,1
6204,1
6205,2
6206,2
6207,1
6208,5
6209,2
6210,7
6211,2
6212,2
6213,2
6214,5
6215,1
6216,7
6217,1
6218,2
6219,2
6220,9
6221,2
6222,2
6223,1
6224,2
6225,2
6226,2
6227,2
6228,2
6229,1
6230,8
6231,7
6232,8
6233,7
6234,1
6235,8
6236,2
6237,2
6238,2
6239,2
6240,2
6241,2
6242,5
6243,8
6244,2
6245,2
6246,2
6247,2
6248,1
6249,1
6250,2
6251,2
6252,2
6253,1
6254,2
6255,2
6256,2
6257,2
6258,2
6259,3
6260,9
6261,2
6262,2
6263,1
6264,2
6265,5
6266,2
6267,2
6268,2
6269,2
6270,2
6271,2
6272,2
6273,1
6274,1
6275,1
6276,2
6277,5
6278,2
6279,5
6280,3
6281,5
6282,2
6283,2
6284,1
6285,2
6286,8
6287,2
6288,5
6289,1
6290,2
6291,5
6292,2
6293,2
6294,2
6295,2
6296,5
6297,8
6298,2
6299,3
6300,2
6301,1
6302,4
6303,2
6304,2
6305,1
6306,2
6307,2
6308,1
6309,8
6310,8
6311,8
6312,8
6313,8
6314,1
6315,0
6316,2
6317,8
6318,2
6319,8
6320,8
6321,8
6322,8
6323,0
6324,1
6325,0
6326,8
6327,2
6328,8
6329,0
6330,5
6331,8
6332,1
6333,8
6334,8
6335,8
6336,1
6337,0
6338,8
6339,2
6340,0
6341,8
6342,8
6343,1
6344,2
6345,8
6346,8
6347,8
6348,1
6349,8
6350,8
6351,0
6352,5
6353,2
6354,5
6355,2
6356,2
6357,7
6358,2
6359,1
6360,2
6361,8
6362,5
6363,5
6364,2
6365,2
6366,3
6367,7
6368,2
6369,7
6370,1
6371,7
6372,2
6373,2
6374,8
6375,2
6376,2
6377,7
6378,1
6379,2
6380,2
6381,2
6382,2
6383,1
6384,2
6385,2
6386,2
6387,8
6388,8
6389,2
6390,1
6391,8
6392,2
6393,1
6394,2
6395,2
6396,2
6397,2
6398,7
6399,7
6400,8
6401,2
6402,1
6403,8
6404,2
6405,8
6406,7
6407,2
6408,2
6409,2
6410,2
6411,2
6412,2
6413,8
6414,2
6415,7
6416,2
6417,8
6418,2
6419,2
6420,2
6421,7
6422,2
6423,2
6424,2
6425,7
6426,2
6427,1
6428,8
6429,2
6430,8
6431,1
6432,8
6433,8
6434,8
6435,5
6436,5
6437,2
6438,5
6439,2
6440,8
6441,2
6442,1
6443,8
6444,8
6445,8
6446,1
6447,8
6448,2
6449,8
6450,2
6451,8
6452,7
6453,8
6454,8
6455,8
6456,8
6457,6
6458,8
6459,8
6460,2
6461,8
6462,2
6463,1
6464,3
6465,6
6466,2
6467,1
6468,2
6469,5
6470,2
6471,2
6472,1
6473,2
6474,2
6475,1
6476,1
6477,8
6478,2
6479,1
6480,2
6481,8
6482,1
6483,1
6484,2
6485,7
6486,1
6487,1
6488,8
6489,1
6490,8
6491,1
6492,1
6493,1
6494,8
6495,8
6496,5
6497,1
6498,7
6499,2
6500,2
6501,2
6502,7
6503,1
6504,1
6505,5
6506,8
6507,8
6508,2
6509,1
6510,8
6511,8
6512,2
6513,1
6514,2
6515,2
6516,1
6517,7
6518,1
6519,2
6520,2
6521,2
6522,2
6523,8
6524,2
6525,2
6526,2
6527,8
6528,8
6529,5
6530,1
6531,1
6532,7
6533,2
6534,5
6535,1
6536,2
6537,2
6538,5
6539,1
6540,8
6541,8
6542,0
6543,2
6544,2
6545,2
6546,8
6547,8
6548,2
6549,2
6550,2
6551,1
6552,2
6553,2
6554,8
6555,2
6556,1
6557,5
6558,2
6559,2
6560,2
6561,2
6562,2
6563,2
6564,2
6565,2
6566,2
6567,1
6568,8
6569,2
6570,8
6571,8
6572,2
6573,2
6574,2
6575,2
6576,8
6577,2
6578,2
6579,2
6580,2
6581,2
6582,2
6583,5
6584,2
6585,5
6586,2
6587,2
6588,2
6589,7
6590,7
6591,7
6592,7
6593,1
6594,2
6595,7
6596,2
6597,1
6598,2
6599,2
6600,7
6601,2
6602,1
6603,5
6604,1
6605,1
6606,2
6607,1
6608,1
6609,7
6610,2
6611,1
6612,2
6613,1
6614,2
6615,2
6616,2
6617,5
6618,7
6619,1
6620,1
6621,8
6622,1
6623,2
6624,2
6625,1
6626,2
6627,2
6628,2
6629,1
6630,1
6631,1
6632,7
6633,7
6634,2
6635,1
6636,2
6637,2
6638,1
6639,1
6640,2
6641,1
6642,1
6643,2
6644,1
6645,2
6646,7
6647,2
6648,2
6649,2
6650,2
6651,1
6652,7
6653,2
6654,1
6655,5
6656,2
6657,2
6658,1
6659,6
6660,1
6661,5
6662,8
6663,2
6664,1
6665,1
6666,1
6667,7
6668,1
6669,2
6670,9
6671,8
6672,2
6673,2
6674,2
6675,2
6676,5
6677,5
6678,2
6679,1
6680,5
6681,2
6682,2
6683,1
6684,2
6685,5
6686,5
6687,5
6688,8
6689,8
6690,8
6691,2
6692,8
6693,8
6694,8
6695,2
6696,8
6697,8
6698,8
6699,8
6700,1
6701,8
6702,8
6703,2
6704,1
6705,2
6706,0
6707,2
6708,0
6709,8
6710,1
6711,1
6712,8
6713,7
6714,8
6715,8
6716,2
6717,1
6718,2
6719,8
6720,2
6721,8
6722,2
6723,2
6724,2
6725,2
6726,2
6727,2
6728,8
6729,2
6730,2
6731,2
6732,2
6733,2
6734,8
6735,2
6736,8
6737,2
6738,8
6739,2
6740,2
6741,2
6742,2
6743,2
6744,2
6745,2
6746,2
6747,2
6748,2
6749,2
6750,8
6751,2
6752,2
6753,2
6754,2
6755,2
6756,2
6757,2
6758,2
6759,2
6760,2
6761,2
6762,2
6763,8
6764,2
6765,2
6766,2
6767,2
6768,5
6769,2
6770,2
6771,8
6772,2
6773,2
6774,2
6775,2
6776,2
6777,2
6778,2
6779,5
6780,2
6781,5
6782,2
6783,5
6784,2
6785,3
6786,2
6787,2
6788,2
6789,2
6790,2
6791,2
6792,2
6793,2
6794,2
6795,2
6796,2
6797,5
6798,2
6799,2
6800,2
6801,2
6802,2
6803,1
6804,2
6805,2
6806,2
6807,2
6808,8
6809,2
6810,5
6811,2
6812,2
6813,2
6814,8
6815,2
6816,2
6817,2
6818,2
6819,8
6820,2
6821,2
6822,2
6823,2
6824,2
6825,2
6826,2
6827,5
6828,1
6829,2
6830,8
6831,2
6832,2
6833,2
6834,2
6835,2
6836,2
6837,2
6838,2
6839,2
6840,2
6841,2
6842,2
6843,2
6844,2
6845,2
6846,2
6847,2
6848,2
6849,2
6850,2
6851,2
6852,2
6853,2
6854,8
6855,2
6856,1
6857,2
6858,2
6859,2
6860,2
6861,2
6862,2
6863,2
6864,2
6865,2
6866,2
6867,2
6868,2
6869,2
6870,2
6871,2
6872,8
6873,2
6874,2
6875,2
6876,8
6877,2
6878,2
6879,2
6880,2
6881,2
6882,2
6883,2
6884,2
6885,2
6886,2
6887,2
6888,2
6889,2
6890,2
6891,2
6892,2
6893,2
6894,2
6895,2
6896,5
6897,5
6898,8
6899,5
6900,3
6901,2
6902,2
6903,2
6904,2
6905,2
6906,2
6907,2
6908,1
6909,5
6910,2
6911,1
6912,1
6913,3
6914,8
6915,8
6916,8
6917,8
6918,8
6919,8
6920,5
6921,8
6922,2
6923,1
6924,8
6925,8
6926,1
6927,8
6928,2
6929,2
6930,5
6931,8
6932,2
6933,5
6934,8
6935,2
6936,2
6937,4
6938,3
6939,1
6940,1
6941,9
6942,8
6943,2
6944,1
6945,8
6946,2
6947,8
6948,7
6949,2
6950,8
6951,8
6952,8
6953,5
6954,9
6955,5
6956,2
6957,2
6958,1
6959,8
6960,1
6961,1
6962,1
6963,1
6964,8
6965,2
6966,8
6967,2
6968,2
6969,8
6970,8
6971,8
6972,2
6973,8
6974,2
6975,1
6976,8
6977,5
6978,5
6979,7
6980,2
6981,1
6982,2
6983,8
6984,8
6985,6
6986,2
6987,5
6988,5
6989,8
6990,5
6991,8
6992,2
6993,8
6994,8
6995,2
6996,2
6997,8
6998,8
6999,8
7000,8
7001,2
7002,2
7003,8
7004,8
7005,8
7006,8
7007,8
7008,2
7009,2
7010,0
7011,2
7012,2
7013,2
7014,2
7015,2
7016,2
7017,2
7018,2
7019,2
7020,2
7021,2
7022,2
7023,2
7024,2
7025,5
7026,5
7027,2
7028,6
7029,8
7030,2
7031,4
7032,7
7033,1
7034,1
7035,8
7036,5
7037,2
7038,5
7039,8
7040,2
7041,6
7042,5
7043,5
7044,5
7045,1
7046,1
7047,1
7048,1
7049,1
7050,1
7051,1
7052,2
7053,2
7054,8
7055,1
7056,1
7057,2
7058,1
7059,5
7060,2
7061,1
7062,2
7063,2
7064,2
7065,2
7066,1
7067,8
7068,1
7069,2
7070,1
7071,1
7072,2
7073,1
7074,2
7075,2
7076,8
7077,2
7078,1
7079,2
7080,2
7081,2
7082,1
7083,2
7084,5
7085,1
7086,2
7087,4
7088,4
7089,8
7090,1
7091,2
7092,2
7093,1
7094,2
7095,2
7096,8
7097,1
7098,8
7099,8
7100,1
7101,2
7102,8
7103,2
7104,2
7105,2
7106,2
7107,1
7108,2
7109,8
7110,8
7111,1
7112,1
7113,1
7114,2
7115,2
7116,8
7117,2
7118,8
7119,8
7120,2
7121,8
7122,2
7123,2
7124,2
7125,1
7126,2
7127,5
7128,1
7129,2
7130,7
7131,2
7132,2
7133,1
7134,8
7135,2
7136,2
7137,1
7138,2
7139,1
7140,5
7141,8
7142,2
7143,2
7144,8
7145,2
7146,2
7147,2
7148,2
7149,1
7150,2
7151,2
7152,2
7153,2
7154,2
7155,8
7156,2
7157,2
7158,5
7159,1
7160,2
7161,9
7162,2
7163,2
7164,2
7165,2
7166,2
7167,5
7168,8
7169,5
7170,2
7171,5
7172,5
7173,1
7174,2
7175,2
7176,2
7177,2
7178,2
7179,8
7180,2
7181,1
7182,2
7183,2
7184,8
7185,2
7186,8
7187,2
7188,2
7189,2
7190,2
7191,2
7192,2
7193,2
7194,2
7195,2
7196,2
7197,8
7198,2
7199,2
7200,1
7201,2
7202,2
7203,5
7204,6
7205,2
7206,1
7207,1
7208,2
7209,2
7210,7
7211,2
7212,7
7213,1
7214,1
7215,1
7216,2
7217,8
7218,8
7219,1
7220,1
7221,5
7222,1
7223,1
7224,1
7225,1
7226,1
7227,2
7228,1
7229,1
7230,1
7231,2
7232,2
7233,1
7234,2
7235,2
7236,1
7237,2
7238,3
7239,1
7240,1
7241,3
7242,8
7243,2
7244,1
7245,5
7246,1
7247,2
7248,8
7249,2
7250,8
7251,2
7252,2
7253,2
7254,7
7255,8
7256,8
7257,2
7258,8
7259,8
7260,2
7261,1
7262,2
7263,2
7264,0
7265,2
7266,2
7267,2
7268,2
7269,2
7270,1
7271,8
7272,1
7273,0
7274,2
7275,2
7276,8
7277,2
7278,8
7279,8
7280,5
7281,5
7282,2
7283,8
7284,7
7285,2
7286,2
7287,6
7288,7
7289,2
7290,8
7291,2
7292,1
7293,2
7294,8
7295,2
7296,2
7297,2
7298,2
7299,8
7300,8
7301,2
7302,8
7303,8
7304,8
7305,2
7306,8
7307,2
7308,5
7309,2
7310,2
7311,8
7312,8
7313,8
7314,5
7315,1
7316,8
7317,2
7318,8
7319,2
7320,2
7321,6
7322,2
7323,2
7324,2
7325,2
7326,8
7327,8
7328,8
7329,8
7330,2
7331,8
7332,2
7333,2
7334,2
7335,8
7336,8
7337,2
7338,8
7339,8
7340,7
7341,8
7342,5
7343,2
7344,8
7345,8
7346,8
7347,2
7348,2
7349,2
7350,8
7351,8
7352,8
7353,2
7354,2
7355,2
7356,2
7357,2
7358,2
7359,2
7360,2
7361,2
7362,7
7363,8
7364,2
7365,2
7366,2
7367,8
7368,2
7369,2
7370,2
7371,2
7372,8
7373,2
7374,5
7375,5
7376,8
7377,0
7378,8
7379,8
7380,8
7381,8
7382,5
7383,6
7384,5
7385,8
7386,1
7387,5
7388,0
7389,6
7390,8
7391,8
7392,6
7393,0
7394,2
7395,2
7396,2
7397,2
7398,2
7399,8
7400,2
7401,2
7402,8
7403,2
7404,8
7405,2
7406,5
7407,1
7408,1
7409,5
7410,1
7411,8
7412,8
7413,8
7414,8
7415,2
7416,5
7417,8
7418,8
7419,8
7420,2
7421,2
7422,2
7423,3
7424,2
7425,5
7426,8
7427,8
7428,7
7429,2
7430,5
7431,2
7432,2
7433,2
7434,1
7435,2
7436,1
7437,2
7438,2
7439,2
7440,2
7441,1
7442,8
7443,5
7444,1
7445,1
7446,8
7447,2
7448,5
7449,2
7450,5
7451,6
7452,1
7453,5
7454,1
7455,2
7456,8
7457,1
7458,5
7459,1
7460,1
7461,5
7462,5
7463,7
7464,2
7465,7
7466,1
7467,1
7468,1
7469,7
7470,7
7471,2
7472,8
7473,2
7474,1
7475,1
7476,5
7477,2
7478,2
7479,5
7480,7
7481,1
7482,5
7483,5
7484,2
7485,2
7486,1
7487,5
7488,2
7489,2
7490,1
7491,5
7492,1
7493,2
7494,1
7495,1
7496,7
7497,5
7498,2
7499,1
7500,1
7501,2
7502,1
7503,2
7504,1
7505,5
7506,5
7507,8
7508,8
7509,2
7510,5
7511,1
7512,5
7513,5
7514,1
7515,5
7516,1
7517,1
7518,5
7519,2
7520,5
7521,2
7522,2
7523,2
7524,5
7525,5
7526,2
7527,2
7528,2
7529,1
7530,8
7531,5
7532,2
7533,5
7534,8
7535,2
7536,2
7537,2
7538,2
7539,8
7540,2
7541,5
7542,5
7543,1
7544,5
7545,5
7546,8
7547,2
7548,2
7549,2
7550,2
7551,2
7552,2
7553,5
7554,2
7555,8
7556,5
7557,2
7558,5
7559,8
7560,1
7561,1
7562,2
7563,1
7564,7
7565,1
7566,5
7567,1
7568,2
7569,1
7570,2
7571,1
7572,3
7573,1
7574,2
7575,1
7576,1
7577,2
7578,7
7579,1
7580,1
7581,1
7582,5
7583,2
7584,2
7585,2
7586,2
7587,2
7588,2
7589,2
7590,1
7591,1
7592,5
7593,2
7594,2
7595,2
7596,8
7597,2
7598,2
7599,1
7600,2
7601,2
7602,2
7603,5
7604,1
7605,1
7606,2
7607,5
7608,1
7609,2
7610,2
7611,2
7612,5
7613,2
7614,5
7615,5
7616,8
7617,2
7618,2
7619,2
7620,2
7621,2
7622,2
7623,8
7624,2
7625,1
7626,2
7627,2
7628,5
7629,2
7630,1
7631,2
7632,5
7633,5
7634,2
7635,1
7636,2
7637,2
7638,5
7639,2
7640,5
7641,5
7642,2
7643,2
7644,2
7645,5
7646,2
7647,2
7648,1
7649,2
7650,1
7651,5
7652,2
7653,5
7654,5
7655,5
7656,5
7657,5
7658,5
7659,5
7660,5
7661,2
7662,5
7663,5
7664,5
7665,5
7666,5
7667,2
7668,7
7669,1
7670,5
7671,4
7672,5
7673,2
7674,2
7675,5
7676,5
7677,5
7678,5
7679,1
7680,8
7681,5
7682,5
7683,1
7684,1
7685,8
7686,7
7687,8
7688,3
7689,2
7690,2
7691,2
7692,5
7693,1
7694,1
7695,1
7696,1
7697,2
7698,2
7699,2
7700,2
7701,2
7702,2
7703,2
7704,2
7705,2
7706,2
7707,2
7708,2
7709,2
7710,2
7711,2
7712,1
7713,2
7714,2
7715,3
7716,2
7717,1
7718,2
7719,2
7720,3
7721,2
7722,2
7723,2
7724,1
7725,5
7726,8
7727,5
7728,5
7729,5
7730,2
7731,1
7732,7
7733,8
7734,1
7735,2
7736,1
7737,5
7738,1
7739,2
7740,1
7741,1
7742,1
7743,1
7744,1
7745,2
7746,2
7747,2
7748,3
7749,1
7750,5
7751,1
7752,1
7753,1
7754,5
7755,5
7756,1
7757,1
7758,5
7759,1
7760,2
7761,1
7762,6
7763,1
7764,1
7765,5
7766,2
7767,1
7768,2
7769,2
7770,2
7771,2
7772,1
7773,2
7774,1
7775,1
7776,1
7777,2
7778,2
7779,2
7780,2
7781,2
7782,2
7783,5
7784,2
7785,2
7786,1
7787,2
7788,5
7789,2
7790,1
7791,1
7792,2
7793,5
7794,1
7795,2
7796,1
7797,2
7798,5
7799,1
7800,1
7801,1
7802,2
7803,1
7804,5
7805,1
7806,1
7807,2
7808,1
7809,1
7810,1
7811,2
7812,2
7813,2
7814,2
7815,2
7816,1
7817,2
7818,2
7819,2
7820,2
7821,1
7822,1
7823,5
7824,2
7825,5
7826,2
7827,1
7828,1
7829,1
7830,2
7831,2
7832,2
7833,5
7834,2
7835,1
7836,1
7837,2
7838,2
7839,1
7840,1
7841,1
7842,1
7843,2
7844,1
7845,2
7846,1
7847,1
7848,1
7849,1
7850,2
7851,2
7852,8
7853,2
7854,2
7855,2
7856,2
7857,1
7858,8
7859,2
7860,1
7861,2
7862,1
7863,1
7864,5
7865,2
7866,1
7867,1
7868,2
7869,1
7870,1
7871,1
7872,1
7873,1
7874,2
7875,2
7876,2
7877,1
7878,2
7879,2
7880,1
7881,1
7882,2
7883,1
7884,1
7885,5
7886,1
7887,1
7888,1
7889,2
7890,1
7891,2
7892,1
7893,1
7894,2
7895,2
7896,5
7897,2
7898,1
7899,2
7900,1
7901,1
7902,2
7903,5
7904,1
7905,1
7906,1
7907,1
7908,1
7909,1
7910,1
7911,1
7912,1
7913,1
7914,1
7915,2
7916,1
7917,2
7918,2
7919,2
7920,1
7921,1
7922,1
7923,2
7924,1
7925,1
7926,2
7927,2
7928,1
7929,1
7930,2
7931,8
7932,2
7933,1
7934,1
7935,2
7936,2
7937,1
7938,2
7939,1
7940,2
7941,1
7942,2
7943,2
7944,1
7945,1
7946,2
7947,1
7948,2
7949,2
7950,2
7951,3
7952,1
7953,1
7954,1
7955,2
7956,1
7957,1
7958,1
7959,1
7960,1
7961,2
7962,2
7963,2
7964,1
7965,1
7966,1
7967,1
7968,1
7969,2
7970,1
7971,1
7972,5
7973,1
7974,1
7975,1
7976,1
7977,1
7978,1
7979,1
7980,1
7981,1
7982,1
7983,2
7984,1
7985,2
7986,1
7987,1
7988,1
7989,1
7990,1
7991,2
7992,1
7993,1
7994,1
7995,1
7996,2
7997,1
7998,1
7999,1
8000,1
8001,2
8002,1
8003,1
8004,1
8005,2
8006,1
8007,1
8008,1
8009,1
8010,1
8011,1
8012,2
8013,2
8014,1
8015,2
8016,2
8017,1
8018,2
8019,1
8020,2
8021,2
8022,1
8023,2
8024,1
8025,2
8026,1
8027,1
8028,2
8029,2
8030,5
8031,1
8032,1
8033,1
8034,5
8035,1
8036,1
8037,2
8038,2
8039,2
8040,1
8041,1
8042,2
8043,2
8044,2
8045,1
8046,1
8047,1
8048,1
8049,2
8050,2
8051,2
8052,1
8053,2
8054,2
8055,1
8056,1
8057,1
8058,1
8059,2
8060,1
8061,2
8062,1
8063,2
8064,1
8065,1
8066,1
8067,2
8068,1
8069,2
8070,1
8071,5
8072,2
8073,2
8074,5
8075,2
8076,5
8077,8
8078,2
8079,5
8080,2
8081,0
8082,8
8083,8
8084,2
8085,1
8086,2
8087,1
8088,2
8089,8
8090,2
8091,2
8092,2
8093,8
8094,2
8095,8
8096,2
8097,2
8098,8
8099,8
8100,2
8101,2
8102,8
8103,2
8104,2
8105,2
8106,8
8107,8
8108,2
8109,8
8110,8
8111,2
8112,2
8113,8
8114,2
8115,2
8116,8
8117,2
8118,8
8119,8
8120,8
8121,8
8122,2
8123,8
8124,2
8125,2
8126,8
8127,8
8128,8
8129,2
8130,8
8131,2
8132,2
8133,8
8134,2
8135,8
8136,8
8137,2
8138,2
8139,2
8140,5
8141,1
8142,1
8143,1
8144,0
8145,8
8146,8
8147,2
8148,2
8149,1
8150,2
8151,8
8152,2
8153,2
8154,2
8155,2
8156,2
8157,8
8158,2
8159,2
8160,2
8161,2
8162,2
8163,2
8164,2
8165,8
8166,8
8167,8
8168,2
8169,2
8170,8
8171,8
8172,8
8173,8
8174,2
8175,2
8176,2
8177,2
8178,8
8179,2
8180,2
8181,2
8182,8
8183,2
8184,8
8185,2
8186,2
8187,8
8188,2
8189,2
8190,2
8191,2
8192,8
8193,8
8194,2
8195,2
8196,3
8197,2
8198,8
8199,8
8200,8
8201,2
8202,8
8203,2
8204,8
8205,2
8206,2
8207,2
8208,2
8209,8
8210,2
8211,2
8212,8
8213,8
8214,2
8215,8
8216,7
8217,8
8218,8
8219,8
8220,2
8221,7
8222,2
8223,8
8224,2
8225,8
8226,8
8227,8
8228,2
8229,1
8230,1
8231,7
8232,2
8233,2
8234,2
8235,2
8236,8
8237,2
8238,2
8239,2
8240,8
8241,2
8242,2
8243,8
8244,2
8245,8
8246,2
8247,2
8248,7
8249,2
8250,2
8251,2
8252,2
8253,2
8254,2
8255,7
8256,2
8257,2
8258,2
8259,8
8260,2
8261,2
8262,2
8263,2
8264,7
8265,1
8266,7
8267,2
8268,2
8269,8
8270,2
8271,2
8272,7
8273,2
8274,2
8275,2
8276,2
8277,2
8278,2
8279,8
8280,8
8281,8
8282,8
8283,8
8284,2
8285,8
8286,8
8287,2
8288,2
8289,2
8290,2
8291,2
8292,8
8293,2
8294,2
8295,2
8296,2
8297,8
8298,2
8299,2
8300,2
8301,8
8302,2
8303,8
8304,2
8305,5
8306,8
8307,2
8308,2
8309,2
8310,2
8311,2
8312,2
8313,8
8314,2
8315,2
8316,2
8317,2
8318,8
8319,2
8320,2
8321,8
8322,2
8323,2
8324,8
8325,2
8326,8
8327,2
8328,2
8329,2
8330,2
8331,5
8332,2
8333,8
8334,8
8335,2
8336,2
8337,8
8338,8
8339,8
8340,8
8341,2
8342,2
8343,2
8344,2
8345,8
8346,2
8347,2
8348,2
8349,2
8350,8
8351,8
8352,2
8353,2
8354,2
8355,2
8356,8
8357,8
8358,8
8359,2
8360,2
8361,2
8362,8
8363,2
8364,8
8365,8
8366,8
8367,8
8368,8
8369,8
8370,2
8371,8
8372,8
8373,8
8374,2
8375,2
8376,2
8377,8
8378,2
8379,2
8380,2
8381,2
8382,2
8383,2
8384,2
8385,8
8386,2
8387,8
8388,5
8389,2
8390,2
8391,2
8392,8
8393,2
8394,2
8395,8
8396,2
8397,6
8398,8
8399,2
8400,2
8401,2
8402,2
8403,8
8404,2
8405,8
8406,2
8407,2
8408,2
8409,2
8410,8
8411,2
8412,2
8413,2
8414,2
8415,2
8416,2
8417,2
8418,8
8419,2
8420,2
8421,8
8422,2
8423,2
8424,2
8425,2
8426,8
8427,2
8428,2
8429,2
8430,2
8431,2
8432,2
8433,2
8434,2
8435,2
8436,2
8437,5
8438,2
8439,8
8440,2
8441,2
8442,2
8443,2
8444,8
8445,8
8446,8
8447,2
8448,2
8449,8
8450,2
8451,2
8452,8
8453,2
8454,2
8455,8
8456,8
8457,8
8458,8
8459,2
8460,2
8461,8
8462,8
8463,2
8464,2
8465,2
8466,8
8467,2
8468,2
8469,2
8470,7
8471,5
8472,8
8473,2
8474,2
8475,2
8476,8
8477,8
8478,2
8479,2
8480,2
8481,2
8482,8
8483,2
8484,2
8485,2
8486,2
8487,8
8488,8
8489,5
8490,5
8491,5
8492,2
8493,8
8494,5
8495,5
8496,2
8497,5
8498,2
8499,2
8500,2
8501,5
8502,5
8503,5
8504,5
8505,5
8506,8
8507,2
8508,2
8509,8
8510,2
8511,1
8512,8
8513,2
8514,1
8515,2
8516,2
8517,5
8518,1
8519,2
8520,2
8521,2
8522,5
8523,1
8524,5
8525,2
8526,5
8527,8
8528,1
8529,3
8530,2
8531,1
8532,5
8533,2
8534,1
8535,2
8536,5
8537,5
8538,2
8539,5
8540,2
8541,1
8542,5
8543,5
8544,2
8545,2
8546,2
8547,2
8548,3
8549,1
8550,2
8551,5
8552,2
8553,2
8554,2
8555,2
8556,2
8557,2
8558,5
8559,2
8560,2
8561,8
8562,1
8563,8
8564,8
8565,2
8566,2
8567,2
8568,8
8569,8
8570,8
8571,1
8572,2
8573,2
8574,8
8575,1
8576,8
8577,2
8578,2
8579,2
8580,3
8581,2
8582,1
8583,5
8584,2
8585,2
8586,8
8587,2
8588,1
8589,1
8590,2
8591,2
8592,1
8593,8
8594,2
8595,5
8596,6
8597,8
8598,2
8599,2
8600,2
8601,2
8602,2
8603,2
8604,8
8605,2
8606,2
8607,2
8608,2
8609,2
8610,2
8611,2
8612,2
8613,2
8614,2
8615,2
8616,2
8617,2
8618,2
8619,2
8620,8
8621,1
8622,1
8623,1
8624,1
8625,1
8626,2
8627,1
8628,1
8629,1
8630,1
8631,1
8632,2
8633,2
8634,2
8635,2
8636,1
8637,2
8638,1
8639,2
8640,2
8641,1
8642,2
8643,1
8644,1
8645,1
8646,8
8647,2
8648,1
8649,2
8650,1
8651,2
8652,1
8653,1
8654,8
8655,2
8656,1
8657,2
8658,2
8659,2
8660,8
8661,2
8662,2
8663,2
8664,2
8665,2
8666,2
8667,2
8668,2
8669,2
8670,2
8671,2
8672,2
8673,2
8674,2
8675,2
8676,2
8677,2
8678,2
8679,5
8680,5
8681,2
8682,2
8683,2
8684,8
8685,5
8686,2
8687,2
8688,1
8689,2
8690,2
8691,2
8692,2
8693,2
8694,2
8695,2
8696,2
8697,2
8698,2
8699,8
8700,8
8701,8
8702,2
8703,1
8704,5
8705,2
8706,2
8707,1
8708,2
8709,2
8710,2
8711,2
8712,2
8713,2
8714,2
8715,2
8716,2
8717,2
8718,2
8719,2
8720,2
8721,5
8722,2
8723,2
8724,2
8725,2
8726,8
8727,2
8728,2
8729,1
8730,2
8731,2
8732,2
8733,5
8734,1
8735,3
8736,2
8737,2
8738,3
8739,1
8740,2
8741,2
8742,2
8743,2
8744,2
8745,2
8746,2
8747,3
8748,1
8749,2
8750,7
8751,2
8752,5
8753,5
8754,2
8755,5
8756,2
8757,2
8758,5
8759,1
8760,1
8761,8
8762,1
8763,1
8764,2
8765,2
8766,1
8767,1
8768,1
8769,1
8770,1
8771,2
8772,1
8773,1
8774,5
8775,2
8776,8
8777,8
8778,8
8779,8
8780,1
8781,2
8782,0
8783,2
8784,2
8785,2
8786,8
8787,2
8788,1
8789,2
8790,2
8791,2
8792,2
8793,2
8794,8
8795,2
8796,1
8797,8
8798,8
8799,2
8800,2
8801,2
8802,5
8803,2
8804,2
8805,2
8806,8
8807,2
8808,2
8809,2
8810,1
8811,1
8812,2
8813,2
8814,1
8815,2
8816,2
8817,2
8818,2
8819,2
8820,2
8821,2
8822,2
8823,2
8824,2
8825,2
8826,2
8827,2
8828,2
8829,2
8830,2
8831,2
8832,8
8833,0
8834,1
8835,1
8836,2
8837,8
8838,2
8839,8
8840,1
8841,1
8842,2
8843,1
8844,1
8845,1
8846,2
8847,2
8848,2
8849,2
8850,1
8851,8
8852,1
8853,1
8854,8
8855,1
8856,1
8857,8
8858,2
8859,1
8860,1
8861,1
8862,1
8863,2
8864,2
8865,1
8866,2
8867,2
8868,1
8869,1
8870,1
8871,8
8872,8
8873,1
8874,2
8875,8
8876,8
8877,1
8878,1
8879,1
8880,2
8881,2
8882,2
8883,2
8884,1
8885,2
8886,2
8887,8
8888,8
8889,1
8890,1
8891,2
8892,2
8893,2
8894,1
8895,3
8896,5
8897,1
8898,2
8899,2
8900,2
8901,2
8902,2
8903,2
8904,2
8905,2
8906,1
8907,1
8908,1
8909,5
8910,2
8911,2
8912,5
8913,2
8914,2
8915,2
8916,2
8917,2
8918,8
8919,3
8920,3
8921,3
8922,3
8923,2
8924,3
8925,3
8926,3
8927,2
8928,8
8929,2
8930,2
8931,3
8932,8
8933,2
8934,3
8935,2
8936,2
8937,3
8938,3
8939,2
8940,2
8941,2
8942,2
8943,2
8944,3
8945,8
8946,2
8947,2
8948,2
8949,8
8950,8
8951,2
8952,2
8953,8
8954,8
8955,2
8956,8
8957,2
8958,2
8959,8
8960,2
8961,2
8962,2
8963,8
8964,2
8965,2
8966,8
8967,8
8968,2
8969,8
8970,2
8971,2
8972,8
8973,1
8974,1
8975,8
8976,8
8977,8
8978,2
8979,2
8980,2
8981,2
8982,2
8983,8
8984,2
8985,8
8986,8
8987,2
8988,2
8989,2
8990,2
8991,1
8992,2
8993,1
8994,2
8995,2
8996,2
8997,1
8998,1
8999,2
9000,5
9001,2
9002,2
9003,2
9004,2
9005,1
9006,2
9007,2
9008,1
9009,2
9010,1
9011,2
9012,2
9013,2
9014,1
9015,2
9016,2
9017,2
9018,2
9019,1
9020,5
9021,1
9022,1
9023,1
9024,5
9025,2
9026,2
9027,2
9028,1
9029,1
9030,2
9031,2
9032,2
9033,1
9034,2
9035,2
9036,2
9037,5
9038,1
9039,1
9040,2
9041,2
9042,1
9043,2
9044,2
9045,2
9046,2
9047,1
9048,2
9049,2
9050,2
9051,2
9052,2
9053,2
9054,5
9055,5
9056,2
9057,2
9058,1
9059,2
9060,1
9061,2
9062,2
9063,2
9064,2
9065,2
9066,2
9067,2
9068,1
9069,2
9070,2
9071,5
9072,2
9073,2
9074,2
9075,2
9076,2
9077,2
9078,2
9079,5
9080,2
9081,1
9082,2
9083,2
9084,9
9085,2
9086,2
9087,2
9088,2
9089,8
9090,2
9091,2
9092,2
9093,1
9094,2
9095,2
9096,1
9097,2
9098,2
9099,2
9100,1
9101,2
9102,5
9103,1
9104,2
9105,2
9106,5
9107,1
9108,8
9109,1
9110,2
9111,2
9112,2
9113,1
9114,2
9115,2
9116,1
9117,1
9118,0
9119,2
9120,2
9121,1
9122,5
9123,2
9124,1
9125,5
9126,2
9127,2
9128,2
9129,2
9130,2
9131,2
9132,2
9133,5
9134,2
9135,2
9136,1
9137,1
9138,1
9139,2
9140,8
9141,2
9142,2
9143,5
9144,2
9145,2
9146,2
9147,8
9148,1
9149,2
9150,2
9151,2
9152,2
9153,1
9154,2
9155,2
9156,2
9157,2
9158,2
9159,2
9160,5
9161,2
9162,2
9163,2
9164,8
9165,2
9166,2
9167,1
9168,1
9169,2
9170,2
9171,1
9172,2
9173,2
9174,2
9175,2
9176,2
9177,2
9178,2
9179,2
9180,1
9181,2
9182,2
9183,2
9184,1
9185,2
9186,2
9187,2
9188,2
9189,2
9190,1
9191,2
9192,5
9193,2
9194,1
9195,1
9196,5
9197,8
9198,2
9199,2
9200,2
9201,1
9202,2
9203,1
9204,2
9205,2
9206,2
9207,2
9208,5
9209,2
9210,2
9211,2
9212,2
9213,2
9214,2
9215,2
9216,2
9217,2
9218,8
9219,2
9220,2
9221,2
9222,2
9223,2
9224,5
9225,5
9226,2
9227,2
9228,2
9229,2
9230,2
9231,2
9232,2
9233,2
9234,2
9235,5
9236,5
9237,5
9238,5
9239,5
9240,2
9241,5
9242,5
9243,2
9244,5
9245,2
9246,2
9247,2
9248,2
9249,2
9250,2
9251,2
9252,2
9253,2
9254,2
9255,2
9256,1
9257,1
9258,2
9259,2
9260,2
9261,2
9262,1
9263,1
9264,2
9265,1
9266,2
9267,5
9268,5
9269,5
9270,2
9271,1
9272,1
9273,2
9274,2
9275,2
9276,1
9277,2
9278,2
9279,1
9280,1
9281,2
9282,2
9283,2
9284,2
9285,2
9286,2
9287,1
9288,1
9289,2
9290,2
9291,5
9292,2
9293,2
9294,2
9295,5
9296,5
9297,1
9298,1
9299,2
9300,2
9301,5
9302,2
9303,2
9304,2
9305,1
9306,2
9307,1
9308,2
9309,1
9310,5
9311,2
9312,2
9313,1
9314,2
9315,2
9316,2
9317,2
9318,1
9319,2
9320,2
9321,2
9322,2
9323,2
9324,2
9325,2
9326,1
9327,2
9328,1
9329,2
9330,2
9331,2
9332,2
9333,2
9334,2
9335,2
9336,2
9337,5
9338,5
9339,5
9340,2
9341,2
9342,2
9343,2
9344,2
9345,2
9346,2
9347,5
9348,2
9349,2
9350,2
9351,2
9352,2
9353,2
9354,8
9355,8
9356,2
9357,2
9358,8
9359,2
9360,2
9361,2
9362,2
9363,8
9364,8
9365,2
9366,2
9367,2
9368,2
9369,2
9370,2
9371,8
9372,2
9373,2
9374,2
9375,2
9376,1
9377,2
9378,8
9379,2
9380,2
9381,2
9382,2
9383,2
9384,2
9385,1
9386,2
9387,2
9388,1
9389,8
9390,2
9391,2
9392,8
9393,2
9394,2
9395,2
9396,2
9397,8
9398,2
9399,8
9400,8
9401,8
9402,2
9403,2
9404,2
9405,2
9406,2
9407,2
9408,2
9409,1
9410,2
9411,2
9412,2
9413,2
9414,2
9415,2
9416,2
9417,2
9418,1
9419,2
9420,2
9421,2
9422,2
9423,2
9424,2
9425,2
9426,2
9427,8
9428,8
9429,2
9430,2
9431,8
9432,8
9433,8
9434,2
9435,2
9436,2
9437,2
9438,8
9439,2
9440,8
9441,8
9442,8
9443,8
9444,8
9445,8
9446,8
9447,8
9448,8
9449,8
9450,8
9451,8
9452,8
9453,2
9454,2
9455,2
9456,2
9457,8
9458,8
9459,8
9460,2
9461,8
9462,2
9463,8
9464,2
9465,8
9466,8
9467,8
9468,8
9469,8
9470,2
9471,2
9472,2
9473,2
9474,8
9475,8
9476,2
9477,2
9478,2
9479,8
9480,8
9481,2
9482,2
9483,8
9484,8
9485,2
9486,8
9487,8
9488,8
9489,8
9490,2
9491,8
9492,2
9493,8
9494,2
9495,2
9496,2
9497,2
9498,8
9499,2
9500,2
9501,2
9502,8
9503,8
9504,2
9505,2
9506,8
9507,2
9508,8
9509,8
9510,2
9511,8
9512,8
9513,8
9514,8
9515,8
9516,2
9517,8
9518,8
9519,8
9520,2
9521,8
9522,2
9523,8
9524,2
9525,8
9526,2
9527,2
9528,8
9529,2
9530,2
9531,8
9532,8
9533,8
9534,8
9535,8
9536,8
9537,8
9538,2
9539,8
9540,2
9541,2
9542,8
9543,2
9544,2
9545,2
9546,8
9547,2
9548,2
9549,2
9550,7
9551,8
9552,8
9553,2
9554,2
9555,2
9556,5
9557,2
9558,2
9559,5
9560,2
9561,2
9562,1
9563,2
9564,2
9565,7
9566,8
9567,2
9568,2
9569,2
9570,1
9571,8
9572,1
9573,8
9574,1
9575,2
9576,8
9577,2
9578,8
9579,1
9580,8
9581,2
9582,2
9583,2
9584,2
9585,2
9586,8
9587,2
9588,8
9589,8
9590,8
9591,2
9592,2
9593,1
9594,2
9595,8
9596,2
9597,8
9598,2
9599,8
9600,2
9601,1
9602,2
9603,2
9604,2
9605,8
9606,2
9607,7
9608,2
9609,2
9610,7
9611,2
9612,2
9613,8
9614,2
9615,2
9616,2
9617,2
9618,8
9619,2
9620,1
9621,8
9622,7
9623,2
9624,2
9625,8
9626,8
9627,2
9628,8
9629,2
9630,8
9631,2
9632,2
9633,1
9634,8
9635,1
9636,8
9637,8
9638,2
9639,2
9640,2
9641,8
9642,2
9643,8
9644,8
9645,2
9646,1
9647,2
9648,2
9649,8
9650,8
9651,2
9652,2
9653,1
9654,2
9655,2
9656,8
9657,7
9658,8
9659,2
9660,8
9661,8
9662,8
9663,2
9664,8
9665,8
9666,1
9667,2
9668,2
9669,8
9670,8
9671,2
9672,2
9673,8
9674,8
9675,8
9676,8
9677,2
9678,8
9679,2
9680,2
9681,2
9682,2
9683,2
9684,8
9685,2
9686,8
9687,2
9688,2
9689,2
9690,8
9691,8
9692,2
9693,2
9694,8
9695,2
9696,2
9697,8
9698,2
9699,2
9700,2
9701,8
9702,1
9703,8
9704,2
9705,2
9706,8
9707,8
9708,2
9709,2
9710,8
9711,7
9712,8
9713,8
9714,2
9715,2
9716,2
9717,2
9718,2
9719,1
9720,8
9721,2
9722,2
9723,2
