book_ix,book_id
0,258
1,4081
2,260
3,9296
4,2318
5,26
6,315
7,33
8,301
9,2686
10,3753
11,8519
12,70
13,264
14,388
15,18
16,27
17,21
18,2
19,23
20,24
21,964
22,103
23,255
24,35
25,287
26,337
27,84
28,58
29,1117
30,660
31,111
32,5
33,413
34,8
35,2172
36,65
37,297
38,45
39,113
40,325
41,476
42,6351
43,2732
44,1432
45,479
46,3020
47,6195
48,614
49,4622
50,9114
51,194
52,14
53,2584
54,55
55,772
56,778
57,1937
58,493
59,362
60,1967
61,529
62,5425
63,1237
64,145
65,36
66,102
67,222
68,200
69,13
70,640
71,693
72,575
73,268
74,5556
75,3638
76,1796
77,867
78,47
79,2738
80,1296
81,50
82,87
83,86
84,123
85,32
86,28
87,42
88,249
89,158
90,373
91,184
92,495
93,350
94,492
95,219
96,288
97,11
98,245
99,1057
100,596
101,782
102,426
103,397
104,658
105,101
106,344
107,372
108,943
109,1923
110,122
111,212
112,1642
113,317
114,9
115,81
116,60
117,494
118,238
119,570
120,795
121,2193
122,3417
123,4139
124,1055
125,181
126,119
127,4815
128,1221
129,1301
130,1986
131,1037
132,963
133,1388
134,7868
135,1407
136,227
137,213
138,587
139,664
140,407
141,1311
142,10
143,76
144,171
145,94
146,2559
147,522
148,408
149,516
150,6944
151,574
152,3560
153,233
154,3703
155,2079
156,1853
157,9606
158,7277
159,115
160,177
161,4
162,2903
163,230
164,471
165,483
166,2339
167,709
168,167
169,361
170,326
171,304
172,100
173,306
174,92
175,887
176,310
177,465
178,8440
179,71
180,1329
181,3002
182,241
183,4043
184,148
185,68
186,1144
187,941
188,1993
189,1217
190,2347
191,7260
192,9363
193,688
194,3340
195,550
196,8842
197,572
198,3566
199,557
200,1102
201,3551
202,2615
203,4054
204,3273
205,48
206,95
207,387
208,497
209,2190
210,1733
211,489
212,1435
213,1380
214,221
215,401
216,131
217,3469
218,662
219,2770
220,9287
221,1544
222,3219
223,405
224,3068
225,3202
226,7538
227,7254
228,284
229,8329
230,378
231,323
232,1752
233,860
234,2188
235,1031
236,2304
237,7770
238,2142
239,4149
240,948
241,1936
242,2586
243,1970
244,7409
245,289
246,7638
247,442
248,1142
249,3425
250,176
251,349
252,232
253,1589
254,1900
255,670
256,1498
257,739
258,488
259,865
260,1987
261,2352
262,168
263,3314
264,2673
265,1236
266,4810
267,130
268,8336
269,653
270,5374
271,872
272,8949
273,977
274,4602
275,5730
276,4531
277,5940
278,2975
279,136
280,78
281,1639
282,186
283,398
284,2320
285,450
286,2298
287,3504
288,741
289,2357
290,758
291,9624
292,150
293,66
294,2302
295,1272
296,2621
297,848
298,3979
299,236
300,142
301,4317
302,2192
303,114
304,132
305,22
306,6417
307,576
308,431
309,7
310,4682
311,606
312,85
313,416
314,1383
315,179
316,75
317,3997
318,4095
319,1131
320,5244
321,498
322,9934
323,371
324,1518
325,9588
326,162
327,2674
328,2620
329,89
330,8995
331,424
332,2177
333,611
334,2209
335,1322
336,1312
337,391
338,958
339,5326
340,5101
341,296
342,740
343,1657
344,121
345,9308
346,5830
347,547
348,3203
349,400
350,3941
351,1010
352,690
353,1184
354,3123
355,436
356,659
357,63
358,687
359,598
360,3278
361,3298
362,1018
363,2669
364,1246
365,2299
366,2382
367,6578
368,7316
369,8512
370,8214
371,2426
372,633
373,743
374,1153
375,2034
376,2923
377,3036
378,4979
379,4031
380,3883
381,39
382,165
383,135
384,110
385,1299
386,4316
387,3428
388,4455
389,360
390,496
391,2406
392,2047
393,2965
394,806
395,1053
396,612
397,936
398,1261
399,725
400,915
401,7522
402,2873
403,499
404,2051
405,1868
406,2015
407,994
408,1656
409,5658
410,7667
411,937
412,272
413,271
414,2601
415,5100
416,5563
417,1843
418,3237
419,913
420,217
421,270
422,80
423,3310
424,883
425,3141
426,7462
427,228
428,1806
429,1741
430,520
431,672
432,1410
433,2235
434,7991
435,3229
436,5858
437,9469
438,8215
439,7208
440,7619
441,5041
442,6684
443,671
444,5665
445,6512
446,5505
447,4240
448,9116
449,9494
450,7748
451,5115
452,7681
453,5861
454,8868
455,6078
456,43
457,6501
458,6211
459,7607
460,7006
461,8156
462,6087
463,3752
464,6212
465,1058
466,4728
467,57
468,273
469,172
470,546
471,1664
472,4862
473,1041
474,701
475,2716
476,7639
477,4640
478,4068
479,8946
480,5551
481,189
482,2027
483,786
484,125
485,161
486,180
487,129
488,155
489,2041
490,953
491,305
492,556
493,629
494,2902
495,199
496,2679
497,59
498,857
499,160
500,530
501,321
502,138
503,531
504,733
505,7022
506,5792
507,1206
508,1663
509,1835
510,1506
511,9473
512,3928
513,597
514,8704
515,154
516,29
517,353
518,770
519,839
520,248
521,773
522,7810
523,1714
524,118
525,2136
526,1580
527,427
528,935
529,5024
530,8692
531,6808
532,3933
533,820
534,380
535,851
536,3761
537,7715
538,730
539,1161
540,178
541,6128
542,829
543,1949
544,2403
545,478
546,1571
547,2097
548,1421
549,3476
550,9083
551,646
552,173
553,5210
554,2259
555,2798
556,6634
557,3808
558,4942
559,97
560,5238
561,618
562,5508
563,4707
564,635
565,8882
566,2024
567,582
568,3009
569,718
570,2323
571,6921
572,3029
573,6324
574,6306
575,3569
576,2073
577,5423
578,5525
579,3640
580,6399
581,3760
582,2595
583,4353
584,1755
585,3457
586,5283
587,354
588,468
589,7416
590,375
591,1650
592,1373
593,117
594,1113
595,621
596,999
597,3254
598,6777
599,3379
600,109
601,7379
602,9854
603,599
604,54
605,108
606,955
607,1063
608,1436
609,311
610,925
611,4606
612,669
613,6604
614,4842
615,828
616,2451
617,4067
618,8455
619,8555
620,1167
621,972
622,64
623,1159
624,7651
625,395
626,3903
627,8079
628,2544
629,6160
630,9754
631,934
632,6354
633,93
634,706
635,1234
636,590
637,2013
638,1096
639,4009
640,383
641,8805
642,4634
643,3508
644,4672
645,3785
646,1269
647,3913
648,592
649,2342
650,7806
651,19
652,4336
653,5754
654,5088
655,1705
656,9303
657,211
658,127
659,969
660,8084
661,1624
662,1683
663,1214
664,1135
665,959
666,8878
667,278
668,1996
669,5327
670,4974
671,8792
672,4475
673,83
674,2698
675,7495
676,714
677,2023
678,1210
679,6820
680,1079
681,9236
682,4119
683,3696
684,984
685,3821
686,6070
687,885
688,2082
689,6283
690,38
691,7266
692,2809
693,1133
694,3451
695,916
696,485
697,512
698,4106
699,282
700,699
701,8857
702,1258
703,1938
704,335
705,2741
706,8998
707,7103
708,8192
709,3923
710,3085
711,2380
712,6772
713,9460
714,8456
715,1847
716,8152
717,9936
718,5911
719,196
720,4504
721,225
722,3387
723,736
724,2869
725,8818
726,1411
727,879
728,9317
729,7251
730,8814
731,2274
732,7262
733,7874
734,2875
735,3916
736,6064
737,2729
738,1106
739,6575
740,37
741,602
742,332
743,292
744,347
745,641
746,542
747,8611
748,4071
749,1521
750,2366
751,1255
752,5386
753,1458
754,1186
755,1679
756,577
757,6173
758,560
759,5865
760,2860
761,1961
762,1553
763,5609
764,5295
765,3608
766,4656
767,3832
768,374
769,878
770,4510
771,281
772,3400
773,4605
774,4983
775,1597
776,453
777,2757
778,1005
779,763
780,198
781,3156
782,3048
783,8355
784,6383
785,3049
786,6593
787,4047
788,9768
789,6242
790,9542
791,5294
792,9533
793,2284
794,4663
795,7647
796,3497
797,1863
798,2608
799,1480
800,2959
801,8332
802,4194
803,6374
804,8085
805,7505
806,7981
807,3244
808,2783
809,3177
810,3648
811,2623
812,1857
813,5805
814,6368
815,7895
816,4712
817,3663
818,3708
819,5629
820,2508
821,6934
822,6389
823,3028
824,3837
825,2561
826,6675
827,1845
828,2341
829,2303
830,2550
831,2549
832,2090
833,2224
834,3510
835,1086
836,3166
837,2911
838,5092
839,3874
840,2605
841,8398
842,3580
843,356
844,3063
845,3826
846,5463
847,4650
848,4534
849,8038
850,1503
851,2025
852,3780
853,137
854,463
855,712
856,554
857,4440
858,2262
859,4044
860,6838
861,6079
862,1779
863,620
864,3027
865,3582
866,515
867,1239
868,8295
869,2049
870,1590
871,2976
872,1825
873,4042
874,5491
875,728
876,4981
877,2419
878,5699
879,4885
880,891
881,3644
882,951
883,1318
884,5114
885,1357
886,8080
887,2546
888,2934
889,2926
890,8585
891,7292
892,3597
893,1444
894,1960
895,2344
896,4421
897,4197
898,1074
899,1124
900,1969
901,7540
902,663
903,9790
904,1283
905,2210
906,501
907,4769
908,751
909,1014
910,1368
911,1768
912,2554
913,2677
914,2944
915,3000
916,6144
917,2043
918,2271
919,708
920,9579
921,5794
922,1025
923,9111
924,4275
925,2252
926,3311
927,523
928,1099
929,1914
930,276
931,7039
932,474
933,1349
934,5495
935,1238
936,3092
937,6895
938,2321
939,1333
940,6375
941,4620
942,4018
943,1224
944,1280
945,126
946,2897
947,760
948,9946
949,5037
950,7327
951,40
952,3561
953,456
954,956
955,265
956,2540
957,4096
958,1888
959,3844
960,6524
961,4485
962,2475
963,15
964,9006
965,1646
966,1213
967,838
968,2564
969,2312
970,715
971,448
972,5207
973,1788
974,4483
975,6590
976,6920
977,6361
978,503
979,2536
980,6364
981,1178
982,90
983,3754
984,116
985,1121
986,1179
987,5381
988,487
989,3797
990,593
991,1431
992,341
993,4361
994,1223
995,1862
996,2640
997,2977
998,2491
999,2286
1000,3948
1001,1384
1002,729
1003,2115
1004,429
1005,8035
1006,982
1007,239
1008,1727
1009,2163
1010,7683
1011,5648
1012,9905
1013,2963
1014,4503
1015,7008
1016,1530
1017,3739
1018,1465
1019,2052
1020,2123
1021,9402
1022,6359
1023,2184
1024,266
1025,242
1026,343
1027,833
1028,410
1029,3331
1030,2597
1031,661
1032,5700
1033,430
1034,1500
1035,1703
1036,682
1037,4788
1038,3911
1039,6180
1040,3210
1041,5237
1042,1365
1043,7579
1044,6156
1045,6889
1046,2440
1047,9921
1048,1250
1049,358
1050,6382
1051,4755
1052,5035
1053,283
1054,1704
1055,3600
1056,9972
1057,2552
1058,1676
1059,5330
1060,5145
1061,8103
1062,8154
1063,7886
1064,6891
1065,6407
1066,2239
1067,2947
1068,4215
1069,4891
1070,4941
1071,789
1072,432
1073,3133
1074,4517
1075,2747
1076,439
1077,7398
1078,4578
1079,4460
1080,5536
1081,8484
1082,1809
1083,322
1084,3055
1085,3521
1086,766
1087,1895
1088,2937
1089,8471
1090,316
1091,2521
1092,2053
1093,6932
1094,6829
1095,454
1096,793
1097,1928
1098,457
1099,1547
1100,3657
1101,1205
1102,9647
1103,1088
1104,2197
1105,559
1106,2600
1107,4699
1108,9794
1109,3889
1110,2781
1111,1364
1112,3643
1113,1856
1114,1042
1115,5072
1116,1332
1117,367
1118,4124
1119,3065
1120,6833
1121,7047
1122,1709
1123,6073
1124,5775
1125,3921
1126,5945
1127,2009
1128,609
1129,243
1130,72
1131,703
1132,237
1133,944
1134,818
1135,578
1136,1139
1137,705
1138,2155
1139,553
1140,1075
1141,1248
1142,5903
1143,1208
1144,205
1145,696
1146,898
1147,1533
1148,6665
1149,4251
1150,1633
1151,2604
1152,3477
1153,8539
1154,5290
1155,4271
1156,229
1157,3047
1158,364
1159,976
1160,3274
1161,251
1162,798
1163,2512
1164,5446
1165,3613
1166,2089
1167,1154
1168,2701
1169,339
1170,804
1171,1885
1172,855
1173,5540
1174,514
1175,2553
1176,8906
1177,824
1178,545
1179,601
1180,3398
1181,4090
1182,9664
1183,1999
1184,6787
1185,4270
1186,6011
1187,9021
1188,2666
1189,2242
1190,628
1191,1643
1192,785
1193,4731
1194,7630
1195,6726
1196,2827
1197,6276
1198,3533
1199,9866
1200,9628
1201,6533
1202,1100
1203,451
1204,7997
1205,9642
1206,4972
1207,6892
1208,3676
1209,9648
1210,4763
1211,9689
1212,7227
1213,6018
1214,3598
1215,6438
1216,1877
1217,691
1218,9998
1219,8687
1220,3109
1221,7501
1222,4284
1223,595
1224,1681
1225,79
1226,3106
1227,899
1228,8361
1229,2810
1230,4383
1231,3197
1232,1305
1233,2240
1234,1622
1235,9773
1236,3590
1237,44
1238,2076
1239,4016
1240,3320
1241,7436
1242,1168
1243,8625
1244,5378
1245,7836
1246,4865
1247,7769
1248,737
1249,1797
1250,868
1251,4994
1252,2632
1253,9255
1254,2385
1255,9019
1256,2266
1257,5571
1258,4220
1259,3523
1260,4561
1261,4614
1262,1691
1263,561
1264,4793
1265,7239
1266,4108
1267,2931
1268,4418
1269,8045
1270,7309
1271,6119
1272,2355
1273,7916
1274,1644
1275,1976
1276,998
1277,1370
1278,209
1279,62
1280,6496
1281,274
1282,6259
1283,8150
1284,1844
1285,6400
1286,3906
1287,1138
1288,8608
1289,6174
1290,7158
1291,7053
1292,8431
1293,8309
1294,8662
1295,779
1296,5448
1297,82
1298,5734
1299,1145
1300,9178
1301,386
1302,3352
1303,7333
1304,1438
1305,3011
1306,7407
1307,7231
1308,6822
1309,6629
1310,4861
1311,9563
1312,3342
1313,4584
1314,4004
1315,3139
1316,357
1317,1477
1318,2709
1319,4160
1320,3764
1321,7429
1322,819
1323,5460
1324,2098
1325,9439
1326,1313
1327,2362
1328,3792
1329,2337
1330,5550
1331,9714
1332,767
1333,4369
1334,3033
1335,1570
1336,3964
1337,1048
1338,1552
1339,4597
1340,8390
1341,7606
1342,3535
1343,2062
1344,381
1345,25
1346,3591
1347,9874
1348,157
1349,7090
1350,8188
1351,1584
1352,2821
1353,4698
1354,133
1355,8907
1356,2229
1357,604
1358,9962
1359,2379
1360,2004
1361,5274
1362,895
1363,257
1364,1486
1365,1706
1366,8337
1367,4399
1368,579
1369,5009
1370,3519
1371,6664
1372,4085
1373,9978
1374,7210
1375,1739
1376,903
1377,4298
1378,5399
1379,4684
1380,8011
1381,2174
1382,366
1383,2555
1384,2967
1385,9204
1386,508
1387,1441
1388,704
1389,8716
1390,8697
1391,8305
1392,377
1393,6999
1394,3828
1395,1314
1396,3061
1397,2794
1398,6620
1399,2727
1400,7814
1401,2693
1402,4726
1403,8802
1404,538
1405,8973
1406,4468
1407,9966
1408,1381
1409,3524
1410,5347
1411,4683
1412,9302
1413,5947
1414,4828
1415,3869
1416,1171
1417,3370
1418,639
1419,390
1420,8210
1421,3351
1422,2328
1423,9191
1424,7377
1425,2782
1426,8117
1427,9626
1428,8880
1429,7338
1430,1146
1431,7151
1432,484
1433,854
1434,784
1435,120
1436,1629
1437,1591
1438,5661
1439,9424
1440,8893
1441,1574
1442,170
1443,308
1444,3791
1445,7794
1446,8233
1447,1605
1448,7733
1449,5969
1450,2054
1451,1718
1452,6467
1453,9102
1454,77
1455,2445
1456,4260
1457,5084
1458,5926
1459,6333
1460,1158
1461,5907
1462,3772
1463,298
1464,4363
1465,1566
1466,107
1467,2985
1468,738
1469,3090
1470,207
1471,912
1472,996
1473,1067
1474,1226
1475,1151
1476,1181
1477,1232
1478,1267
1479,1606
1480,1390
1481,4895
1482,8763
1483,1748
1484,1107
1485,9171
1486,1073
1487,293
1488,6644
1489,5343
1490,1592
1491,6113
1492,1677
1493,9217
1494,328
1495,1785
1496,627
1497,8578
1498,4315
1499,1090
1500,8951
1501,734
1502,986
1503,4524
1504,411
1505,952
1506,1627
1507,919
1508,8931
1509,2145
1510,877
1511,5315
1512,5128
1513,191
1514,5808
1515,4238
1516,788
1517,1586
1518,1908
1519,8656
1520,1927
1521,6598
1522,7370
1523,3472
1524,9554
1525,7668
1526,1389
1527,9304
1528,4691
1529,1402
1530,5707
1531,5306
1532,1519
1533,7003
1534,3628
1535,3246
1536,3247
1537,1484
1538,5228
1539,5575
1540,9739
1541,490
1542,1265
1543,5019
1544,4301
1545,4112
1546,8870
1547,6509
1548,1019
1549,5470
1550,1196
1551,368
1552,480
1553,6704
1554,2315
1555,461
1556,4394
1557,3540
1558,4431
1559,3646
1560,6021
1561,3868
1562,4330
1563,4880
1564,7311
1565,5349
1566,2680
1567,3930
1568,3949
1569,1392
1570,1485
1571,5704
1572,4872
1573,4015
1574,5273
1575,1582
1576,3250
1577,650
1578,856
1579,1290
1580,4258
1581,608
1582,3978
1583,3232
1584,1865
1585,4894
1586,524
1587,2108
1588,3548
1589,6326
1590,1315
1591,1199
1592,1454
1593,3960
1594,6732
1595,799
1596,2213
1597,1719
1598,5558
1599,2862
1600,5795
1601,3924
1602,8093
1603,5304
1604,731
1605,967
1606,686
1607,6885
1608,6600
1609,4103
1610,8891
1611,9513
1612,1277
1613,9839
1614,3966
1615,1094
1616,6274
1617,9407
1618,6029
1619,5252
1620,9132
1621,3710
1622,3128
1623,4579
1624,5293
1625,8269
1626,2285
1627,2453
1628,2269
1629,1593
1630,4078
1631,9268
1632,3585
1633,6579
1634,504
1635,9617
1636,7654
1637,8680
1638,4287
1639,5691
1640,8552
1641,3403
1642,204
1643,4118
1644,675
1645,8454
1646,4525
1647,3543
1648,5420
1649,3552
1650,4695
1651,6896
1652,4727
1653,8570
1654,2236
1655,2361
1656,765
1657,1783
1658,2612
1659,3200
1660,1089
1661,2469
1662,1270
1663,1457
1664,1176
1665,5123
1666,8446
1667,5777
1668,8083
1669,3656
1670,2671
1671,777
1672,1149
1673,3856
1674,1692
1675,3079
1676,4104
1677,6752
1678,2846
1679,4551
1680,1202
1681,6299
1682,5527
1683,3070
1684,7418
1685,5885
1686,1892
1687,5468
1688,8703
1689,1051
1690,974
1691,762
1692,8212
1693,901
1694,8276
1695,2103
1696,881
1697,3581
1698,4939
1699,8127
1700,1015
1701,5404
1702,3482
1703,8588
1704,2257
1705,4027
1706,8714
1707,1742
1708,1038
1709,2032
1710,1061
1711,540
1712,4772
1713,5313
1714,6148
1715,3366
1716,521
1717,4025
1718,2754
1719,3198
1720,2574
1721,3280
1722,2497
1723,3982
1724,863
1725,6530
1726,6692
1727,1672
1728,5211
1729,1083
1730,402
1731,2468
1732,5394
1733,7372
1734,1035
1735,873
1736,1977
1737,1225
1738,1163
1739,1289
1740,1233
1741,1827
1742,1033
1743,1549
1744,1476
1745,1774
1746,1975
1747,2425
1748,3896
1749,1495
1750,2746
1751,7468
1752,8412
1753,8538
1754,840
1755,637
1756,1641
1757,3127
1758,1980
1759,6615
1760,3388
1761,2314
1762,6567
1763,1068
1764,8779
1765,7965
1766,5785
1767,7812
1768,3025
1769,7499
1770,5051
1771,3377
1772,5076
1773,5318
1774,2129
1775,4250
1776,6285
1777,768
1778,908
1779,616
1780,2991
1781,1685
1782,625
1783,5216
1784,4898
1785,1501
1786,700
1787,2710
1788,4971
1789,2624
1790,9758
1791,5055
1792,5068
1793,9858
1794,3570
1795,3349
1796,4527
1797,4639
1798,1386
1799,1675
1800,5930
1801,3688
1802,2644
1803,1185
1804,3479
1805,5568
1806,3308
1807,7106
1808,1123
1809,2513
1810,6559
1811,6865
1812,5999
1813,1573
1814,7506
1815,5232
1816,1686
1817,9195
1818,6551
1819,7170
1820,3758
1821,6002
1822,8832
1823,532
1824,568
1825,5627
1826,1662
1827,5983
1828,8025
1829,9991
1830,9566
1831,846
1832,9722
1833,7143
1834,5918
1835,9864
1836,4286
1837,588
1838,2789
1839,9852
1840,8631
1841,2411
1842,7357
1843,975
1844,4642
1845,46
1846,3406
1847,9623
1848,2523
1849,4795
1850,997
1851,4055
1852,1393
1853,4391
1854,3520
1855,1561
1856,1132
1857,1420
1858,5385
1859,2506
1860,6223
1861,7427
1862,4560
1863,8334
1864,7089
1865,8864
1866,8837
1867,5198
1868,9990
1869,5192
1870,3243
1871,2616
1872,5630
1873,7755
1874,8840
1875,6505
1876,8801
1877,3675
1878,1916
1879,4236
1880,1497
1881,6973
1882,9123
1883,7444
1884,1460
1885,4079
1886,4237
1887,1528
1888,3174
1889,2825
1890,3601
1891,6492
1892,7124
1893,5287
1894,666
1895,502
1896,8290
1897,417
1898,5517
1899,1155
1900,1957
1901,1423
1902,2028
1903,9432
1904,1725
1905,1204
1906,1878
1907,6880
1908,5175
1909,3019
1910,2289
1911,9270
1912,7934
1913,2954
1914,6857
1915,6481
1916,4277
1917,5265
1918,9803
1919,9045
1920,9070
1921,905
1922,1922
1923,1578
1924,4387
1925,4713
1926,7123
1927,3513
1928,2657
1929,7080
1930,3806
1931,3375
1932,2740
1933,3182
1934,1801
1935,3137
1936,1918
1937,4608
1938,4101
1939,4190
1940,8275
1941,9103
1942,7238
1943,2938
1944,3998
1945,1711
1946,3255
1947,2415
1948,3720
1949,4592
1950,1319
1951,1707
1952,1649
1953,2128
1954,3546
1955,1537
1956,1859
1957,8142
1958,6013
1959,1555
1960,3016
1961,8053
1962,5833
1963,9300
1964,8504
1965,8760
1966,3699
1967,3338
1968,3650
1969,3595
1970,2181
1971,3284
1972,826
1973,7686
1974,1327
1975,2806
1976,472
1977,2579
1978,2087
1979,6863
1980,1084
1981,8457
1982,3293
1983,2124
1984,9759
1985,7572
1986,9639
1987,409
1988,1954
1989,7205
1990,7970
1991,8416
1992,5392
1993,8023
1994,9078
1995,9049
1996,1509
1997,3795
1998,5229
1999,8788
2000,3642
2001,3407
2002,722
2003,1023
2004,1119
2005,1362
2006,1278
2007,510
2008,1249
2009,330
2010,1525
2011,528
2012,949
2013,8055
2014,6454
2015,3755
2016,9995
2017,5524
2018,3986
2019,8750
2020,8132
2021,7187
2022,3536
2023,2465
2024,4571
2025,4999
2026,6139
2027,8681
2028,5301
2029,53
2030,626
2031,1447
2032,1913
2033,5667
2034,4494
2035,5181
2036,5173
2037,4574
2038,5923
2039,5935
2040,5120
2041,7169
2042,5906
2043,2760
2044,1430
2045,2075
2046,6121
2047,2278
2048,8160
2049,5973
2050,4806
2051,5160
2052,9157
2053,6330
2054,4553
2055,6472
2056,4799
2057,5203
2058,3138
2059,9650
2060,6320
2061,3412
2062,9961
2063,8975
2064,6840
2065,2865
2066,3205
2067,526
2068,2288
2069,1317
2070,4938
2071,2368
2072,911
2073,1218
2074,1925
2075,5673
2076,4342
2077,4535
2078,464
2079,8859
2080,6727
2081,4976
2082,6917
2083,6844
2084,6535
2085,2910
2086,8404
2087,3557
2088,6746
2089,2231
2090,1288
2091,9923
2092,5122
2093,2703
2094,5840
2095,3071
2096,1955
2097,5948
2098,9645
2099,1056
2100,710
2101,723
2102,3279
2103,6755
2104,5455
2105,1222
2106,3817
2107,6813
2108,4059
2109,4117
2110,1487
2111,6487
2112,4924
2113,3620
2114,9251
2115,8626
2116,6261
2117,3136
2118,4057
2119,790
2120,455
2121,156
2122,7881
2123,1973
2124,1348
2125,4877
2126,3363
2127,5303
2128,1974
2129,6130
2130,1963
2131,9655
2132,7509
2133,7351
2134,6589
2135,5764
2136,8026
2137,1817
2138,5201
2139,5443
2140,9047
2141,4134
2142,6619
2143,864
2144,1026
2145,3091
2146,1581
2147,3410
2148,5052
2149,4062
2150,1858
2151,2354
2152,2012
2153,4813
2154,1260
2155,2398
2156,3098
2157,3223
2158,3066
2159,2547
2160,2519
2161,6728
2162,3455
2163,1746
2164,2214
2165,9468
2166,8853
2167,8824
2168,726
2169,8541
2170,2890
2171,481
2172,1536
2173,1759
2174,1071
2175,2219
2176,1989
2177,3804
2178,8987
2179,5936
2180,3818
2181,7513
2182,505
2183,4632
2184,4548
2185,6823
2186,5243
2187,5030
2188,3614
2189,3286
2190,4542
2191,3918
2192,4289
2193,3971
2194,2367
2195,3256
2196,6633
2197,3763
2198,3088
2199,6190
2200,3715
2201,2578
2202,2651
2203,6648
2204,6696
2205,5802
2206,2365
2207,4768
2208,5676
2209,5982
2210,7054
2211,9940
2212,6800
2213,6175
2214,5681
2215,3577
2216,4514
2217,4132
2218,6397
2219,9397
2220,7476
2221,747
2222,9048
2223,558
2224,652
2225,197
2226,2430
2227,631
2228,5044
2229,3296
2230,2170
2231,4014
2232,9008
2233,4902
2234,3547
2235,755
2236,1722
2237,894
2238,2470
2239,4565
2240,3858
2241,1337
2242,2501
2243,1342
2244,2936
2245,1343
2246,2109
2247,1924
2248,2452
2249,2658
2250,2489
2251,2086
2252,3359
2253,3362
2254,2718
2255,2611
2256,5439
2257,2927
2258,4722
2259,4253
2260,5263
2261,5929
2262,2863
2263,6903
2264,1078
2265,2507
2266,1964
2267,5388
2268,5187
2269,1426
2270,3578
2271,8087
2272,9711
2273,7282
2274,9408
2275,1554
2276,1298
2277,3431
2278,2887
2279,2594
2280,1350
2281,1259
2282,2857
2283,4291
2284,7155
2285,3719
2286,3321
2287,757
2288,3022
2289,6318
2290,1003
2291,1235
2292,2056
2293,3584
2294,403
2295,1778
2296,4507
2297,3672
2298,5586
2299,2069
2300,3186
2301,2643
2302,9156
2303,345
2304,1802
2305,4422
2306,888
2307,346
2308,425
2309,2353
2310,3082
2311,3396
2312,3660
2313,3086
2314,3395
2315,3610
2316,3567
2317,1972
2318,2859
2319,3500
2320,1880
2321,2416
2322,6380
2323,1693
2324,9749
2325,1105
2326,1262
2327,2817
2328,9675
2329,573
2330,2045
2331,8049
2332,6440
2333,9429
2334,7264
2335,2408
2336,3021
2337,4005
2338,3034
2339,1279
2340,269
2341,7204
2342,7118
2343,8401
2344,7253
2345,7226
2346,3360
2347,9587
2348,2524
2349,2566
2350,3767
2351,9860
2352,4555
2353,104
2354,4368
2355,8445
2356,6104
2357,8823
2358,1492
2359,5496
2360,3794
2361,9707
2362,2724
2363,1103
2364,8367
2365,7779
2366,6348
2367,8817
2368,2481
2369,847
2370,7186
2371,6158
2372,4471
2373,1757
2374,5950
2375,1567
2376,3501
2377,4508
2378,5617
2379,9516
2380,6980
2381,1160
2382,4444
2383,5033
2384,7575
2385,7392
2386,1434
2387,9025
2388,1793
2389,1085
2390,7614
2391,8423
2392,2122
2393,1842
2394,2914
2395,4341
2396,7127
2397,7485
2398,9022
2399,3951
2400,7117
2401,2026
2402,2490
2403,3974
2404,1128
2405,3834
2406,3414
2407,4070
2408,6484
2409,5877
2410,7459
2411,4933
2412,1607
2413,3419
2414,3907
2415,6022
2416,7458
2417,8819
2418,8452
2419,5437
2420,8357
2421,2952
2422,961
2423,8996
2424,7649
2425,9036
2426,6867
2427,8298
2428,9471
2429,3700
2430,3634
2431,331
2432,7615
2433,1784
2434,6219
2435,7569
2436,6132
2437,6298
2438,4130
2439,1564
2440,6975
2441,5932
2442,9691
2443,4473
2444,7796
2445,8867
2446,2002
2447,817
2448,9699
2449,469
2450,1286
2451,5995
2452,8366
2453,7859
2454,8396
2455,2132
2456,8064
2457,2131
2458,4836
2459,2220
2460,8735
2461,8598
2462,7952
2463,5155
2464,9679
2465,4427
2466,9772
2467,8439
2468,7454
2469,4513
2470,4400
2471,4390
2472,1111
2473,5427
2474,1526
2475,2820
2476,594
2477,4660
2478,5215
2479,3119
2480,683
2481,1459
2482,1414
2483,6566
2484,2270
2485,1515
2486,7771
2487,4309
2488,223
2489,918
2490,622
2491,7852
2492,2765
2493,7548
2494,6469
2495,6410
2496,3392
2497,4151
2498,1378
2499,7917
2500,5783
2501,4537
2502,2479
2503,6273
2504,3126
2505,1112
2506,3904
2507,6218
2508,2920
2509,8018
2510,5146
2511,5150
2512,7440
2513,3333
2514,8831
2515,2311
2516,8232
2517,4582
2518,569
2519,263
2520,2650
2521,4515
2522,849
2523,6122
2524,5029
2525,8054
2526,8203
2527,2812
2528,3588
2529,8099
2530,3556
2531,9717
2532,6335
2533,2107
2534,7798
2535,2157
2536,8664
2537,9247
2538,412
2539,4065
2540,5431
2541,6234
2542,7872
2543,9129
2544,3464
2545,9927
2546,1245
2547,3954
2548,7749
2549,2852
2550,2279
2551,1449
2552,9295
2553,2766
2554,3568
2555,6255
2556,2755
2557,1886
2558,4228
2559,4881
2560,6606
2561,5752
2562,5879
2563,7027
2564,7014
2565,6042
2566,4273
2567,8249
2568,4973
2569,7655
2570,5809
2571,462
2572,1108
2573,3322
2574,914
2575,1800
2576,4129
2577,9280
2578,7541
2579,4646
2580,5253
2581,2722
2582,5206
2583,9748
2584,7052
2585,5615
2586,5478
2587,1620
2588,5643
2589,7302
2590,2695
2591,8470
2592,3076
2593,651
2594,3485
2595,3
2596,4603
2597,7826
2598,8221
2599,792
2600,6395
2601,1635
2602,6860
2603,6632
2604,7145
2605,3084
2606,8707
2607,8781
2608,7471
2609,8349
2610,9731
2611,8474
2612,7426
2613,866
2614,929
2615,4163
2616,6503
2617,1789
2618,443
2619,541
2620,2456
2621,564
2622,1598
2623,6928
2624,6225
2625,4733
2626,9732
2627,9024
2628,5456
2629,6745
2630,707
2631,853
2632,5057
2633,5157
2634,6475
2635,8302
2636,9575
2637,7326
2638,4189
2639,500
2640,8492
2641,8168
2642,3381
2643,6898
2644,9800
2645,7928
2646,4441
2647,3124
2648,8074
2649,4874
2650,5398
2651,5993
2652,9213
2653,7660
2654,6411
2655,727
2656,6184
2657,9620
2658,544
2659,5860
2660,549
2661,7149
2662,8165
2663,3006
2664,3884
2665,7603
2666,1915
2667,1881
2668,5332
2669,1758
2670,3802
2671,6069
2672,2761
2673,8856
2674,5972
2675,7738
2676,1701
2677,2143
2678,2514
2679,4332
2680,1191
2681,1367
2682,6045
2683,7684
2684,7025
2685,9686
2686,6096
2687,5395
2688,1623
2689,4359
2690,1427
2691,152
2692,6089
2693,7345
2694,1910
2695,369
2696,420
2697,3404
2698,1320
2699,4429
2700,3131
2701,8686
2702,5747
2703,7662
2704,9649
2705,9172
2706,5739
2707,365
2708,7026
2709,897
2710,8944
2711,8432
2712,2515
2713,3449
2714,2622
2715,3470
2716,2830
2717,2074
2718,2745
2719,2031
2720,2351
2721,2150
2722,3680
2723,4127
2724,3108
2725,5007
2726,2296
2727,4797
2728,8216
2729,511
2730,3876
2731,5543
2732,5863
2733,2737
2734,1379
2735,336
2736,1763
2737,2277
2738,674
2739,3713
2740,9716
2741,4331
2742,6729
2743,7180
2744,9981
2745,6695
2746,3892
2747,2144
2748,8589
2749,7242
2750,7332
2751,2230
2752,4445
2753,3120
2754,2125
2755,9243
2756,6775
2757,9819
2758,3830
2759,9974
2760,8597
2761,9017
2762,8516
2763,7496
2764,2499
2765,4716
2766,3240
2767,8523
2768,261
2769,3488
2770,3142
2771,8898
2772,6954
2773,6447
2774,5992
2775,5346
2776,9663
2777,4202
2778,5765
2779,234
2780,896
2781,5591
2782,2633
2783,1300
2784,7059
2785,6842
2786,8742
2787,3658
2788,5898
2789,1330
2790,4567
2791,7841
2792,527
2793,563
2794,6055
2795,6448
2796,6780
2797,5582
2798,9095
2799,4487
2800,9761
2801,2464
2802,7563
2803,7907
2804,2215
2805,8128
2806,1097
2807,7994
2808,1303
2809,3122
2810,41
2811,151
2812,4443
2813,2309
2814,8753
2815,8847
2816,2291
2817,1323
2818,2619
2819,2007
2820,486
2821,314
2822,2691
2823,7198
2824,4899
2825,2735
2826,5311
2827,7498
2828,5354
2829,4719
2830,9197
2831,5545
2832,2261
2833,7325
2834,2645
2835,2399
2836,2458
2837,1638
2838,8782
2839,1940
2840,4138
2841,1351
2842,3609
2843,7963
2844,3625
2845,3291
2846,4182
2847,8651
2848,5498
2849,9922
2850,5310
2851,6886
2852,5931
2853,1294
2854,2233
2855,3935
2856,1193
2857,9144
2858,552
2859,5297
2860,2939
2861,4544
2862,3364
2863,6825
2864,9653
2865,5560
2866,2942
2867,4996
2868,5723
2869,5717
2870,4746
2871,4677
2872,3056
2873,1207
2874,2371
2875,2063
2876,2750
2877,9661
2878,513
2879,6688
2880,5751
2881,8854
2882,4482
2883,5909
2884,3140
2885,1897
2886,571
2887,4265
2888,5890
2889,2787
2890,4658
2891,3304
2892,6716
2893,3871
2894,9361
2895,2148
2896,5567
2897,6138
2898,1493
2899,586
2900,5458
2901,4645
2902,7430
2903,823
2904,4506
2905,5417
2906,3957
2907,5239
2908,5176
2909,5668
2910,5934
2911,2030
2912,6910
2913,4909
2914,7549
2915,3612
2916,2823
2917,6153
2918,5588
2919,2786
2920,6010
2921,6235
2922,6233
2923,3769
2924,4740
2925,1253
2926,6916
2927,5158
2928,1680
2929,5748
2930,1966
2931,6267
2932,3258
2933,4871
2934,5277
2935,1751
2936,8207
2937,1953
2938,1466
2939,7611
2940,6334
2941,7664
2942,1873
2943,4530
2944,4206
2945,1944
2946,6296
2947,2202
2948,6391
2949,6402
2950,7546
2951,8795
2952,2642
2953,9409
2954,5632
2955,5402
2956,3583
2957,3452
2958,3973
2959,7393
2960,5880
2961,4609
2962,244
2963,9830
2964,1678
2965,9636
2966,1401
2967,2982
2968,2980
2969,2462
2970,7716
2971,2573
2972,4870
2973,1189
2974,3573
2975,4937
2976,4221
2977,9857
2978,2487
2979,8448
2980,6166
2981,890
2982,2646
2983,2196
2984,2898
2985,8532
2986,5705
2987,8386
2988,9440
2989,8491
2990,4459
2991,8185
2992,4588
2993,932
2994,7661
2995,4711
2996,6998
2997,1034
2998,1127
2999,1228
3000,1363
3001,1340
3002,1394
3003,1479
3004,809
3005,8789
3006,4131
3007,1872
3008,7126
3009,7037
3010,9348
3011,1791
3012,3963
3013,6806
3014,4345
3015,6189
3016,7081
3017,4796
3018,6445
3019,4244
3020,3925
3021,7074
3022,8289
3023,2387
3024,2064
3025,1452
3026,275
3027,74
3028,3160
3029,9395
3030,3899
3031,6005
3032,7820
3033,8767
3034,1572
3035,4348
3036,9631
3037,8107
3038,9452
3039,8529
3040,8323
3041,8923
3042,6109
3043,7737
3044,1520
3045,6510
3046,8143
3047,5167
3048,3744
3049,5411
3050,4308
3051,3605
3052,2874
3053,1930
3054,2159
3055,8860
3056,7631
3057,6761
3058,4680
3059,4121
3060,5522
3061,6994
3062,4754
3063,4084
3064,3042
3065,4089
3066,7972
3067,3024
3068,187
3069,6183
3070,5855
3071,8920
3072,5583
3073,9214
3074,4167
3075,6640
3076,4296
3077,1604
3078,927
3079,2072
3080,9793
3081,6154
3082,3635
3083,9630
3084,5804
3085,8071
3086,4960
3087,8915
3088,7433
3089,2156
3090,4181
3091,5317
3092,2436
3093,2618
3094,5483
3095,3695
3096,8189
3097,800
3098,8903
3099,8179
3100,8229
3101,8141
3102,7832
3103,9482
3104,7387
3105,2603
3106,1762
3107,7214
3108,1795
3109,5621
3110,4357
3111,5493
3112,8161
3113,5325
3114,4083
3115,9237
3116,8688
3117,2250
3118,7353
3119,4906
3120,4493
3121,8737
3122,2921
3123,7592
3124,3046
3125,3985
3126,1534
3127,4035
3128,5745
3129,6406
3130,8201
3131,3399
3132,3459
3133,4989
3134,4820
3135,7644
3136,9871
3137,8791
3138,4612
3139,681
3140,1021
3141,8286
3142,6157
3143,7396
3144,8947
3145,2374
3146,3692
3147,9478
3148,7783
3149,2958
3150,4388
3151,8902
3152,2433
3153,2883
3154,5220
3155,4337
3156,8111
3157,8838
3158,6181
3159,5257
3160,2187
3161,3835
3162,5163
3163,8732
3164,9233
3165,8849
3166,5141
3167,9863
3168,9240
3169,5655
3170,5144
3171,2730
3172,769
3173,8635
3174,5135
3175,6715
3176,6390
3177,1887
3178,8545
3179,6742
3180,3187
3181,1514
3182,3058
3183,2878
3184,4616
3185,5799
3186,7348
3187,3277
3188,5121
3189,4636
3190,5781
3191,3026
3192,3096
3193,2811
3194,3492
3195,5905
3196,5826
3197,7995
3198,7491
3199,7011
3200,3151
3201,2802
3202,3562
3203,2556
3204,2324
3205,5827
3206,1489
3207,6701
3208,8413
3209,7490
3210,8888
3211,9175
3212,5800
3213,4034
3214,4266
3215,5247
3216,4619
3217,6678
3218,3530
3219,1931
3220,2198
3221,1418
3222,1463
3223,3938
3224,1049
3225,389
3226,565
3227,4120
3228,900
3229,7923
3230,4526
3231,6220
3232,5537
3233,7842
3234,67
3235,1064
3236,6039
3237,7401
3238,8406
3239,5130
3240,9493
3241,7982
3242,9117
3243,9801
3244,8848
3245,4686
3246,6046
3247,4800
3248,6066
3249,9215
3250,5500
3251,6959
3252,3776
3253,5596
3254,9814
3255,8783
3256,9834
3257,4232
3258,5047
3259,6063
3260,5580
3261,8978
3262,780
3263,8636
3264,8640
3265,989
3266,7146
3267,5095
3268,1713
3269,6293
3270,3262
3271,3077
3272,8896
3273,6230
3274,2010
3275,8175
3276,3275
3277,3357
3278,5758
3279,1020
3280,4392
3281,1324
3282,5798
3283,7408
3284,3172
3285,9232
3286,5046
3287,9967
3288,5099
3289,9903
3290,7032
3291,2297
3292,2336
3293,8469
3294,5554
3295,8591
3296,6982
3297,7507
3298,3489
3299,5341
3300,2808
3301,4257
3302,6581
3303,5168
3304,3393
3305,4914
3306,3919
3307,5045
3308,9841
3309,2610
3310,2165
3311,7763
3312,8032
3313,3631
3314,2400
3315,8312
3316,4915
3317,2835
3318,6802
3319,5013
3320,4811
3321,2647
3322,4311
3323,8399
3324,8199
3325,5061
3326,4756
3327,6200
3328,882
3329,5743
3330,4905
3331,6439
3332,6760
3333,5010
3334,7830
3335,8131
3336,2973
3337,7399
3338,6322
3339,6256
3340,5134
3341,6909
3342,5355
3343,8012
3344,1273
3345,2807
3346,2306
3347,3330
3348,7354
3349,4175
3350,7056
3351,6683
3352,2504
3353,3942
3354,3995
3355,2901
3356,8236
3357,7959
3358,7721
3359,4192
3360,5928
3361,5876
3362,5978
3363,5915
3364,300
3365,1645
3366,2241
3367,2176
3368,3991
3369,9389
3370,7855
3371,5509
3372,4290
3373,1826
3374,2029
3375,3163
3376,2989
3377,9545
3378,3851
3379,3779
3380,8281
3381,1735
3382,9416
3383,647
3384,1114
3385,4670
3386,6291
3387,2439
3388,3143
3389,1734
3390,8790
3391,1687
3392,5867
3393,5260
3394,6996
3395,7137
3396,519
3397,2648
3398,10000
3399,2498
3400,4715
3401,4749
3402,4893
3403,3771
3404,9525
3405,9609
3406,7887
3407,8239
3408,6131
3409,1984
3410,8033
3411,5670
3412,9576
3413,2326
3414,1698
3415,6123
3416,4723
3417,4261
3418,1569
3419,6446
3420,4268
3421,9503
3422,1282
3423,8218
3424,9988
3425,7258
3426,4371
3427,9391
3428,5657
3429,3915
3430,6744
3431,1998
3432,2638
3433,1648
3434,4434
3435,1469
3436,4319
3437,7142
3438,7232
3439,1721
3440,2557
3441,3443
3442,781
3443,4326
3444,6453
3445,2960
3446,9743
3447,6456
3448,7384
3449,5925
3450,3346
3451,4528
3452,5195
3453,6319
3454,9180
3455,6807
3456,9026
3457,8068
3458,9890
3459,4678
3460,6914
3461,6738
3462,7082
3463,6681
3464,9113
3465,3737
3466,7775
3467,6264
3468,2101
3469,3397
3470,7307
3471,3234
3472,2571
3473,1956
3474,8537
3475,5421
3476,8411
3477,8937
3478,9158
3479,3505
3480,4092
3481,5434
3482,3853
3483,6532
3484,8956
3485,5733
3486,7336
3487,3790
3488,4188
3489,9476
3490,6288
3491,9188
3492,4732
3493,3542
3494,3059
3495,3072
3496,5152
3497,5672
3498,8195
3499,6528
3500,8075
3501,3468
3502,3212
3503,1129
3504,9291
3505,7910
3506,2295
3507,3717
3508,4758
3509,9667
3510,7622
3511,3101
3512,1548
3513,8460
3514,7893
3515,6588
3516,9698
3517,9230
3518,815
3519,4187
3520,5570
3521,5678
3522,6607
3523,7135
3524,8565
3525,9173
3526,5604
3527,4214
3528,8010
3529,5589
3530,8153
3531,2039
3532,7969
3533,2091
3534,716
3535,422
3536,9199
3537,615
3538,1215
3539,2870
3540,4598
3541,4888
3542,7785
3543,6014
3544,8728
3545,4052
3546,6182
3547,7410
3548,1422
3549,8752
3550,2763
3551,2226
3552,5258
3553,9721
3554,6003
3555,876
3556,9239
3557,4419
3558,2539
3559,6043
3560,5080
3561,4590
3562,902
3563,3965
3564,3870
3565,2751
3566,7211
3567,3705
3568,966
3569,6398
3570,3836
3571,5436
3572,3831
3573,7453
3574,7869
3575,6307
3576,7706
3577,3894
3578,5089
3579,8039
3580,2280
3581,8047
3582,7079
3583,3439
3584,8543
3585,3306
3586,7341
3587,4094
3588,9320
3589,6870
3590,8934
3591,5482
3592,6995
3593,8928
3594,6516
3595,8556
3596,7109
3597,8280
3598,5624
3599,2211
3600,8387
3601,9451
3602,1978
3603,5774
3604,3511
3605,5853
3606,4759
3607,3080
3608,2127
3609,8508
3610,8062
3611,9277
3612,6150
3613,6252
3614,8472
3615,5908
3616,3565
3617,5914
3618,5097
3619,8340
3620,1812
3621,4993
3622,1771
3623,3415
3624,6876
3625,4638
3626,9461
3627,7428
3628,7840
3629,6568
3630,8163
3631,5763
3632,2199
3633,8167
3634,4205
3635,7990
3636,5507
3637,6539
3638,2705
3639,5322
3640,6658
3641,8465
3642,5616
3643,4091
3644,7943
3645,1120
3646,3111
3647,7128
3648,7766
3649,9499
3650,5714
3651,624
3652,1304
3653,8159
3654,753
3655,2110
3656,6369
3657,9577
3658,5415
3659,9481
3660,9868
3661,9433
3662,5049
3663,735
3664,7838
3665,3252
3666,1666
3667,3358
3668,7063
3669,4064
3670,3886
3671,2474
3672,3149
3673,7236
3674,4936
3675,3493
3676,4435
3677,3929
3678,5369
3679,9343
3680,3937
3681,5027
3682,2255
3683,1087
3684,5727
3685,3374
3686,6768
3687,7521
3688,7270
3689,4822
3690,444
3691,247
3692,518
3693,6201
3694,7759
3695,5831
3696,3934
3697,4166
3698,4069
3699,4288
3700,49
3701,1391
3702,6873
3703,7479
3704,7904
3705,7263
3706,7012
3707,5782
3708,4720
3709,3712
3710,3179
3711,1531
3712,3579
3713,3872
3714,3900
3715,256
3716,808
3717,3989
3718,9632
3719,1875
3720,2731
3721,6373
3722,5056
3723,3743
3724,971
3725,8564
3726,2446
3727,679
3728,1775
3729,5994
3730,5968
3731,7977
3732,4196
3733,4133
3734,2822
3735,8806
3736,2405
3737,5889
3738,5728
3739,7848
3740,1625
3741,2696
3742,2625
3743,4046
3744,6169
3745,4512
3746,6316
3747,7086
3748,1007
3749,2186
3750,9253
3751,4136
3752,6887
3753,4171
3754,3811
3755,8617
3756,7078
3757,5003
3758,9496
3759,6498
3760,6347
3761,4177
3762,4753
3763,6101
3764,6935
3765,1869
3766,3860
3767,4396
3768,4985
3769,3390
3770,9272
3771,8696
3772,7827
3773,8320
3774,8000
3775,6125
3776,1488
3777,4848
3778,7414
3779,6204
3780,7517
3781,7594
3782,9766
3783,8149
3784,2592
3785,9813
3786,9357
3787,7597
3788,2340
3789,5514
3790,8015
3791,3857
3792,5147
3793,9216
3794,3799
3795,2203
3796,9442
3797,1726
3798,7547
3799,2988
3800,8503
3801,3878
3802,9928
3803,4944
3804,7646
3805,6457
3806,8114
3807,6442
3808,6877
3809,4931
3810,4464
3811,8647
3812,7411
3813,8222
3814,2158
3815,5469
3816,7138
3817,6425
3818,2068
3819,1396
3820,1077
3821,8433
3822,5081
3823,1545
3824,8140
3825,466
3826,7519
3827,2505
3828,8700
3829,3125
3830,2175
3831,2582
3832,7298
3833,2095
3834,3762
3835,6858
3836,4647
3837,7042
3838,7669
3839,6057
3840,7350
3841,2957
3842,7927
3843,6770
3844,5682
3845,7817
3846,2338
3847,7030
3848,7747
3849,9290
3850,6758
3851,6186
3852,3684
3853,8316
3854,5961
3855,8666
3856,2022
3857,3840
3858,6500
3859,7704
3860,7968
3861,744
3862,719
3863,7906
3864,1907
3865,4294
3866,2383
3867,7463
3868,3945
3869,3367
3870,1150
3871,9480
3872,1450
3873,5331
3874,7784
3875,1445
3876,4965
3877,8916
3878,8899
3879,1338
3880,3444
3881,1175
3882,9784
3883,4744
3884,7942
3885,8435
3886,6323
3887,9625
3888,8731
3889,3787
3890,2995
3891,7809
3892,5180
3893,9084
3894,5116
3895,3078
3896,7323
3897,7104
3898,9671
3899,3803
3900,2055
3901,8976
3902,6192
3903,6690
3904,4256
3905,2678
3906,9602
3907,9176
3908,4327
3909,4919
3910,9301
3911,3843
3912,6961
3913,7092
3914,5967
3915,9405
3916,9430
3917,5740
3918,2568
3919,9032
3920,6277
3921,9170
3922,2020
3923,1516
3924,1659
3925,9225
3926,3820
3927,4520
3928,5397
3929,9810
3930,9985
3931,7894
3932,870
3933,2994
3934,7556
3935,3100
3936,6050
3937,7652
3938,8186
3939,7481
3940,7696
3941,8667
3942,9447
3943,4671
3944,8389
3945,5449
3946,6888
3947,9143
3948,7714
3949,9063
3950,4955
3951,8403
3952,1216
3953,8811
3954,8120
3955,3307
3956,7856
3957,9670
3958,4325
3959,3809
3960,5204
3961,4838
3962,6552
3963,8972
3964,8420
3965,7543
3966,3932
3967,6360
3968,5413
3969,4863
3970,2135
3971,2343
3972,6076
3973,8194
3974,1695
3975,9152
3976,3007
3977,2668
3978,9198
3979,8558
3980,1792
3981,8623
3982,6006
3983,3988
3984,5561
3985,7173
3986,9919
3987,446
3988,4231
3989,6835
3990,4586
3991,3418
3992,5552
3993,981
3994,5526
3995,3302
3996,5742
3997,7960
3998,9925
3999,6188
4000,8766
4001,6249
4002,7723
4003,6791
4004,3018
4005,5797
4006,8830
4007,9000
4008,6146
4009,8514
4010,5077
4011,8740
4012,9472
4013,9265
4014,7233
4015,7271
4016,6336
4017,2471
4018,3671
4019,5162
4020,2392
4021,9383
4022,6536
4023,5599
4024,9963
4025,6601
4026,7824
4027,5357
4028,5957
4029,8677
4030,1694
4031,8052
4032,5953
4033,9033
4034,7795
4035,7484
4036,4835
4037,7955
4038,5477
4039,3678
4040,1529
4041,6393
4042,5812
4043,7306
4044,7465
4045,8953
4046,3518
4047,8264
4048,4801
4049,3001
4050,5533
4051,5389
4052,4447
4053,8787
4054,7383
4055,2376
4056,9371
4057,6798
4058,9607
4059,7386
4060,9622
4061,8618
4062,4398
4063,4453
4064,5438
4065,1595
4066,5014
4067,5801
4068,2466
4069,8030
4070,2844
4071,4850
4072,5382
4073,5189
4074,9359
4075,1884
4076,6673
4077,6278
4078,7395
4079,7344
4080,3936
4081,6556
4082,9124
4083,6591
4084,6341
4085,8375
4086,5430
4087,6712
4088,9549
4089,9378
4090,8875
4091,1968
4092,9910
4093,4110
4094,3206
4095,2961
4096,3208
4097,6594
4098,7797
4099,9061
4100,8133
4101,6547
4102,6972
4103,5254
4104,5299
4105,4630
4106,5639
4107,4452
4108,2970
4109,7296
4110,5836
4111,1864
4112,2649
4113,6828
4114,9311
4115,3807
4116,2854
4117,8930
4118,7949
4119,6816
4120,1697
4121,2268
4122,6569
4123,6627
4124,9585
4125,3541
4126,4019
4127,803
4128,3651
4129,7778
4130,3169
4131,4978
4132,9737
4133,8850
4134,6420
4135,6019
4136,4661
4137,6338
4138,8162
4139,7616
4140,3994
4141,1600
4142,1617
4143,2522
4144,4233
4145,8924
4146,1926
4147,5737
4148,5358
4149,4293
4150,5316
4151,4901
4152,7596
4153,5814
4154,8479
4155,7788
4156,3728
4157,6587
4158,6553
4159,3480
4160,4844
4161,4476
4162,1594
4163,7890
4164,4729
4165,4908
4166,4012
4167,7946
4168,2373
4169,5548
4170,1601
4171,4360
4172,9267
4173,3217
4174,9081
4175,4087
4176,7558
4177,8148
4178,5445
4179,5755
4180,4580
4181,51
4182,1618
4183,2940
4184,4320
4185,9824
4186,4990
4187,7483
4188,9318
4189,9316
4190,6067
4191,6313
4192,5646
4193,7159
4194,8966
4195,2238
4196,5375
4197,2014
4198,776
4199,9223
4200,889
4201,1291
4202,841
4203,3158
4204,4481
4205,6987
4206,1016
4207,844
4208,9127
4209,6097
4210,5126
4211,4140
4212,2894
4213,7635
4214,1732
4215,6314
4216,2078
4217,1992
4218,3224
4219,2684
4220,5194
4221,5372
4222,5383
4223,5048
4224,6427
4225,9497
4226,3990
4227,5684
4228,6048
4229,8815
4230,4982
4231,1781
4232,5400
4233,6297
4234,8517
4235,6030
4236,1247
4237,3735
4238,9856
4239,9088
4240,5380
4241,8324
4242,9455
4243,4222
4244,2253
4245,9519
4246,2310
4247,5028
4248,2096
4249,1670
4250,7534
4251,9100
4252,9148
4253,3115
4254,6007
4255,1266
4256,4199
4257,6595
4258,3572
4259,1749
4260,7241
4261,8262
4262,3460
4263,5269
4264,7787
4265,9935
4266,9388
4267,6561
4268,5109
4269,9657
4270,6185
4271,1871
4272,7213
4273,5138
4274,4404
4275,8260
4276,7417
4277,4777
4278,3316
4279,8225
4280,2478
4281,2992
4282,4040
4283,9068
4284,6304
4285,3171
4286,6521
4287,8306
4288,1137
4289,2247
4290,6308
4291,3465
4292,1424
4293,7176
4294,3348
4295,1448
4296,4700
4297,5337
4298,5564
4299,7822
4300,7162
4301,2924
4302,303
4303,7469
4304,4627
4305,5480
4306,5441
4307,2461
4308,6229
4309,923
4310,6919
4311,6362
4312,7516
4313,810
4314,720
4315,5005
4316,1369
4317,7283
4318,6526
4319,7520
4320,6272
4321,6377
4322,8535
4323,3833
4324,7864
4325,875
4326,2758
4327,3506
4328,1126
4329,6378
4330,7406
4331,9948
4332,3069
4333,9540
4334,8356
4335,9590
4336,8879
4337,7045
4338,7879
4339,9881
4340,8745
4341,4395
4342,5008
4343,6112
4344,1603
4345,7297
4346,5778
4347,4778
4348,3264
4349,9779
4350,5401
4351,2526
4352,8285
4353,4173
4354,8157
4355,6331
4356,7650
4357,5464
4358,5773
4359,9337
4360,3207
4361,585
4362,6444
4363,7217
4364,7807
4365,8321
4366,9092
4367,8158
4368,8567
4369,7295
4370,9742
4371,3594
4372,1461
4373,1631
4374,5870
4375,6574
4376,9404
4377,6135
4378,9133
4379,5329
4380,8388
4381,7274
4382,6554
4383,7347
4384,6845
4385,6284
4386,2260
4387,7961
4388,2950
4389,9222
4390,2946
4391,1765
4392,1833
4393,2375
4394,3721
4395,5788
4396,5429
4397,9386
4398,8873
4399,5367
4400,6251
4401,6968
4402,7257
4403,8609
4404,3344
4405,52
4406,2577
4407,8559
4408,2706
4409,4416
4410,8633
4411,9911
4412,2485
4413,6342
4414,4780
4415,8776
4416,1354
4417,910
4418,7068
4419,7551
4420,3629
4421,2892
4422,3674
4423,5626
4424,1921
4425,8531
4426,3213
4427,5006
4428,8729
4429,8317
4430,3531
4431,9629
4432,3750
4433,3099
4434,4026
4435,9789
4436,9762
4437,406
4438,4411
4439,1684
4440,7789
4441,8979
4442,4558
4443,2434
4444,9119
4445,1828
4446,2467
4447,5182
4448,4913
4449,9454
4450,8908
4451,3003
4452,7571
4453,7909
4454,4883
4455,7690
4456,4653
4457,7246
4458,5241
4459,6628
4460,1535
4461,4665
4462,4114
4463,8209
4464,1172
4465,9960
4466,4779
4467,2637
4468,3604
4469,3891
4470,6258
4471,8675
4472,8620
4473,2414
4474,4501
4475,9347
4476,8464
4477,5573
4478,7293
4479,7570
4480,7352
4481,6693
4482,6009
4483,3564
4484,8984
4485,6669
4486,9453
4487,6795
4488,7692
4489,8253
4490,5695
4491,7212
4492,9333
4493,5666
4494,7850
4495,3353
4496,7313
4497,5108
4498,6519
4499,5913
4500,3167
4501,2228
4502,1287
4503,922
4504,6856
4505,8126
4506,7701
4507,8886
4508,2654
4509,6776
4510,5015
4511,4276
4512,8067
4513,3782
4514,3162
4515,1231
4516,8605
4517,9104
4518,7599
4519,9186
4520,9973
4521,8475
4522,2424
4523,1211
4524,6612
4525,2442
4526,5980
4527,4227
4528,6611
4529,9323
4530,4688
4531,5073
4532,6852
4533,2480
4534,3983
4535,4303
4536,4593
4537,4773
4538,4550
4539,8546
4540,4952
4541,5963
4542,6346
4543,8251
4544,1397
4545,5444
4546,4927
4547,4280
4548,8784
4549,9449
4550,1243
4551,1399
4552,2164
4553,2378
4554,6608
4555,1059
4556,5541
4557,6164
4558,7514
4559,7304
4560,8510
4561,5610
4562,4397
4563,8354
4564,6197
4565,7846
4566,7492
4567,3788
4568,6455
4569,4352
4570,8393
4571,2413
4572,5214
4573,4017
4574,9254
4575,9727
4576,4310
4577,9908
4578,3920
4579,7119
4580,4157
4581,6240
4582,192
4583,8771
4584,8243
4585,6196
4586,3544
4587,8078
4588,2111
4589,7623
4590,9849
4591,4794
4592,4613
4593,9298
4594,2517
4595,4823
4596,1188
4597,5004
4598,5750
4599,8397
4600,7500
4601,6613
4602,6945
4603,8109
4604,7986
4605,1013
4606,4349
4607,9764
4608,2223
4609,6558
4610,5356
4611,9544
4612,6257
4613,6908
4614,2548
4615,4003
4616,9805
4617,3515
4618,1540
4619,5818
4620,9400
4621,8057
4622,5305
4623,9977
4624,5721
4625,9550
4626,9526
4627,7363
4628,4351
4629,8863
4630,8963
4631,2670
4632,3268
4633,9532
4634,3969
4635,5991
4636,8524
4637,2834
4638,9334
4639,5235
4640,2066
4641,6025
4642,4356
4643,5275
4644,6653
4645,3661
4646,4375
4647,7951
4648,433
4649,2329
4650,2560
4651,9275
4652,7866
4653,5188
4654,6317
4655,6280
4656,4292
4657,3303
4658,9665
4659,5722
4660,3652
4661,746
4662,9428
4663,1655
4664,6017
4665,5829
4666,4866
4667,2867
4668,6147
4669,6165
4670,9700
4671,8094
4672,7985
4673,6435
4674,9004
4675,9997
4676,6937
4677,8096
4678,5756
4679,5988
4680,6371
4681,3709
4682,2797
4683,4868
4684,6963
4685,7925
4686,7290
4687,7734
4688,6617
4689,9531
4690,1398
4691,7998
4692,9299
4693,6645
4694,7899
4695,9238
4696,9601
4697,3897
4698,473
4699,9522
4700,73
4701,7095
4702,7464
4703,7578
4704,2245
4705,4554
4706,9702
4707,1896
4708,6437
4709,5391
4710,9517
4711,5221
4712,3593
4713,9086
4714,1157
4715,9014
4716,1091
4717,1811
4718,7287
4719,9168
4720,9288
4721,5518
4722,9828
4723,8284
4724,5619
4725,7586
4726,6124
4727,9861
4728,2753
4729,5351
4730,5718
4731,3575
4732,9599
4733,2327
4734,2744
4735,7385
4736,4904
4737,1408
4738,4702
4739,6762
4740,3824
4741,4757
4742,5340
4743,5825
4744,7633
4745,5512
4746,4423
4747,6923
4748,7976
4749,7041
4750,7574
4751,8008
4752,7150
4753,8542
4754,6325
4755,6585
4756,7996
4757,7512
4758,832
4759,5171
4760,5042
4761,7911
4762,6763
4763,8256
4764,9297
4765,6405
4766,7728
4767,1929
4768,8380
4769,8496
4770,4406
4771,2879
4772,6902
4773,5268
4774,8242
4775,7727
4776,5920
4777,8405
4778,1815
4779,3550
4780,6523
4781,5359
4782,5771
4783,3619
4784,6545
4785,7608
4786,6697
4787,4208
4788,9502
4789,7717
4790,1478
4791,8360
4792,2191
4793,9867
4794,9848
4795,8495
4796,7113
4797,7589
4798,6650
4799,6340
4800,8970
4801,4230
4802,2968
4803,4458
4804,6133
4805,7504
4806,2759
4807,4916
4808,5159
4809,6543
4810,6508
4811,8826
4812,5862
4813,56
4814,4274
4815,2851
4816,7736
4817,4611
4818,9382
4819,8428
4820,7116
4821,4577
4822,2591
4823,6970
4824,5841
4825,4066
4826,6967
4827,6725
4828,980
4829,1991
4830,9877
4831,9894
4832,7349
4833,8799
4834,9376
4835,6602
4836,7394
4837,6709
4838,8904
4839,7378
4840,8961
4841,2189
4842,3013
4843,8294
4844,4536
4845,1750
4846,6670
4847,5966
4848,7301
4849,9436
4850,9584
4851,6194
4852,5062
4853,9358
4854,2325
4855,4075
4856,4050
4857,8921
4858,6385
4859,9212
4860,6956
4861,1032
4862,1611
4863,9456
4864,6429
4865,4154
4866,1653
4867,9489
4868,8773
4869,5440
4870,9463
4871,9751
4872,9832
4873,5996
4874,5703
4875,1335
4876,8738
4877,2044
4878,8261
4879,9798
4880,5523
4881,4858
4882,6345
4883,7276
4884,4766
4885,9724
4886,6093
4887,9220
4888,1839
4889,1156
4890,2917
4891,5179
4892,9330
4893,605
4894,5716
4895,2534
4896,4968
4897,2569
4898,8016
4899,8170
4900,5083
4901,5481
4902,6238
4903,2572
4904,2881
4905,680
4906,9194
4907,8992
4908,3509
4909,3689
4910,6441
4911,7182
4912,8027
4913,3910
4914,3495
4915,3361
4916,3774
4917,893
4918,9465
4919,467
4920,5091
4921,6327
4922,1095
4923,5515
4924,4146
4925,5952
4926,8418
4927,1939
4928,4859
4929,1772
4930,6038
4931,4533
4932,9372
4933,4730
4934,2482
4935,7750
4936,7839
4937,835
4938,8202
4939,6027
4940,3196
4941,3242
4942,6106
4943,9149
4944,2492
4945,8308
4946,7587
4947,7833
4948,4328
4949,6766
4950,6836
4951,6941
4952,6023
4953,7624
4954,7533
4955,6269
4956,7064
4957,3265
4958,9289
4959,8076
4960,7718
4961,8562
4962,8897
4963,7058
4964,1840
4965,4030
4966,5760
4967,4105
4968,477
4969,1358
4970,2429
4971,6913
4972,8196
4973,3529
4974,3189
4975,1336
4976,9744
4977,3456
4978,8174
4979,3413
4980,5225
4981,6702
4982,7165
4983,7152
4984,2713
4985,9085
4986,5414
4987,7888
4988,8526
4989,8682
4990,4234
4991,5282
4992,555
4993,9688
4994,8217
4995,6049
4996,214
4997,4153
4998,8279
4999,6782
5000,1950
5001,6846
5002,5312
5003,5675
5004,7808
5005,7093
5006,1689
5007,7466
5008,5810
5009,8637
5010,9924
5011,8197
5012,2815
5013,6756
5014,9984
5015,2836
5016,6915
5017,8358
5018,9843
5019,9010
5020,9672
5021,7805
5022,8950
5023,9509
5024,8451
5025,8400
5026,6785
5027,2495
5028,3586
5029,9096
5030,3922
5031,1632
5032,1468
5033,1339
5034,9147
5035,9360
5036,8371
5037,5949
5038,8829
5039,5487
5040,7722
5041,4860
5042,3668
5043,7626
5044,8734
5045,9704
5046,9708
5047,8610
5048,4832
5049,5779
5050,4519
5051,9044
5052,5435
5053,8821
5054,5607
5055,4681
5056,7932
5057,6349
5058,7724
5059,2370
5060,7010
5061,5510
5062,7038
5063,9241
5064,9079
5065,6592
5066,1616
5067,4338
5068,4272
5069,9795
5070,5387
5071,8643
5072,1321
5073,9559
5074,5364
5075,3632
5076,2393
5077,3681
5078,6502
5079,9956
5080,8940
5081,1254
5082,3317
5083,4242
5084,642
5085,6636
5086,3707
5087,6938
5088,7849
5089,8296
5090,5119
5091,9281
5092,5816
5093,1464
5094,8177
5095,8490
5096,8653
5097,2981
5098,2421
5099,7844
5100,4633
5101,5497
5102,7524
5103,8721
5104,9975
5105,8037
5106,7641
5107,5565
5108,8031
5109,2912
5110,9434
5111,9074
5112,4523
5113,6672
5114,7456
5115,5839
5116,6821
5117,7317
5118,8173
5119,8241
5120,1870
5121,9723
5122,5424
5123,9292
5124,8382
5125,7878
5126,3596
5127,6409
5128,3740
5129,5637
5130,3051
5131,591
5132,4789
5133,3159
5134,6102
5135,3827
5136,1852
5137,4478
5138,9746
5139,1696
5140,4262
5141,5924
5142,9406
5143,9336
5144,174
5145,6943
5146,7473
5147,9139
5148,9193
5149,7021
5150,7531
5151,9161
5152,8172
5153,9906
5154,9851
5155,8599
5156,5873
5157,9206
5158,7562
5159,3356
5160,9524
5161,6654
5162,3104
5163,4509
5164,392
5165,4370
5166,5474
5167,9339
5168,4847
5169,9023
5170,1494
5171,6302
5172,8211
5173,6784
5174,7873
5175,6480
5176,4791
5177,5490
5178,4687
5179,917
5180,3484
5181,7083
5182,8259
5183,509
5184,8659
5185,4099
5186,5065
5187,4575
5188,2864
5189,4462
5190,6084
5191,3745
5192,4709
5193,7768
5194,8733
5195,4827
5196,7568
5197,6372
5198,8872
5199,2518
5200,2631
5201,1274
5202,869
5203,7291
5204,7489
5205,5270
5206,9760
5207,4717
5208,4413
5209,6610
5210,3503
5211,4249
5212,1101
5213,9038
5214,6966
5215,9710
5216,4701
5217,8726
5218,8176
5219,9592
5220,5212
5221,8855
5222,7018
5223,2077
5224,2720
5225,3225
5226,7966
5227,9673
5228,8890
5229,9245
5230,4774
5231,5066
5232,6570
5233,5845
5234,3537
5235,5020
5236,5786
5237,6337
5238,6733
5239,3664
5240,8104
5241,2861
5242,2389
5243,3089
5244,3276
5245,8652
5246,2432
5247,5598
5248,6279
5249,6053
5250,3289
5251,6563
5252,6086
5253,8761
5254,6859
5255,5267
5256,8607
5257,6794
5258,9897
5259,9734
5260,5094
5261,2928
5262,3132
5263,5486
5264,2907
5265,8034
5266,7023
5267,9344
5268,9561
5269,6061
5270,5136
5271,5504
5272,5946
5273,6652
5274,7055
5275,6788
5276,1804
5277,8384
5278,9137
5279,3653
5280,6736
5281,3386
5282,8066
5283,3423
5284,6488
5285,98
5286,4297
5287,5715
5288,4945
5289,6350
5290,6765
5291,1583
5292,5499
5293,7974
5294,8115
5295,9612
5296,3023
5297,3893
5298,8922
5299,2409
5300,1229
5301,9352
5302,1855
5303,6167
5304,6024
5305,9441
5306,6265
5307,9660
5308,7756
5309,6931
5310,8654
5311,8213
5312,7761
5313,2472
5314,9457
5315,9536
5316,7308
5317,5151
5318,1293
5319,6020
5320,9350
5321,5883
5322,3669
5323,6477
5324,9605
5325,1310
5326,9870
5327,1060
5328,6155
5329,5521
5330,9210
5331,3014
5332,5683
5333,7544
5334,6723
5335,6187
5336,6202
5337,8097
5338,4940
5339,2773
5340,2681
5341,7114
5342,4264
5343,4980
5344,9310
5345,1764
5346,7195
5347,9051
5348,4379
5349,3786
5350,8804
5351,8069
5352,9534
5353,4735
5354,4061
5355,8982
5356,9443
5357,2099
5358,8841
5359,9965
5360,8088
5361,9875
5362,7741
5363,3148
5364,8983
5365,5964
5366,724
5367,8134
5368,2493
5369,7285
5370,4855
5371,5070
5372,5213
5373,5069
5374,7340
5375,8747
5376,7732
5377,2689
5378,6988
5379,6244
5380,1417
5381,8146
5382,6142
5383,7110
5384,4179
5385,6108
5386,7314
5387,7629
5388,5336
5389,246
5390,449
5391,447
5392,4183
5393,1777
5394,3052
5395,9767
5396,2021
5397,4657
5398,2168
5399,4364
5400,3248
5401,4252
5402,6894
5403,7247
5404,1883
5405,8719
5406,9780
5407,8768
5408,6884
5409,1823
5410,3571
5411,2317
5412,3382
5413,4210
5414,8786
5415,9403
5416,4986
5417,2381
5418,1841
5419,8777
5420,1043
5421,1011
5422,8665
5423,6426
5424,4748
5425,7710
5426,1669
5427,8048
5428,2733
5429,7880
5430,9892
5431,5129
5432,8969
5433,1882
5434,3369
5435,4314
5436,9069
5437,1360
5438,9398
5439,7919
5440,1361
5441,8283
5442,7245
5443,1634
5444,6311
5445,5226
5446,3905
5447,8226
5448,7526
5449,6922
5450,9949
5451,7098
5452,8604
5453,6092
5454,7518
5455,4886
5456,6778
5457,1636
5458,5321
5459,8575
5460,5803
5461,5685
5462,5261
5463,2990
5464,9112
5465,4245
5466,9796
5467,8287
5468,656
5469,1652
5470,9234
5471,9231
5472,8581
5473,6514
5474,2459
5475,7585
5476,4907
5477,9307
5478,6855
5479,6668
5480,8632
5481,8021
5482,2438
5483,5143
5484,2119
5485,3295
5486,3117
5487,9986
5488,147
5489,6625
5490,7364
5491,2607
5492,4775
5493,4465
5494,8694
5495,4053
5496,3516
5497,7335
5498,7360
5499,5735
5500,9498
5501,5376
5502,4263
5503,6396
5504,6734
5505,4566
5506,7019
5507,9459
5508,2660
5509,6582
5510,9417
5511,3639
5512,1850
5513,9431
5514,4113
5515,9483
5516,9201
5517,4679
5518,5366
5519,5790
5520,8765
5521,5428
5522,8135
5523,3144
5524,5256
5525,2856
5526,5492
5527,9073
5528,7891
5529,6864
5530,9677
5531,9138
5532,8373
5533,4947
5534,9562
5535,4201
5536,9838
5537,2195
5538,8415
5539,6662
5540,2011
5541,8748
5542,1382
5543,4145
5544,8506
5545,4783
5546,4302
5547,1909
5548,5334
5549,9608
5550,4432
5551,8112
5552,4496
5553,1504
5554,2589
5555,8072
5556,5093
5557,5323
5558,5324
5559,7346
5560,1070
5561,1945
5562,5912
5563,8858
5564,6927
5565,9126
5566,692
5567,1456
5568,2694
5569,3176
5570,2662
5571,4781
5572,4439
5573,9887
5574,6210
5575,3887
5576,7167
5577,9366
5578,6035
5579,5886
5580,3394
5581,9968
5582,8347
5583,2930
5584,4229
5585,6853
5586,7299
5587,4080
5588,4521
5589,6495
5590,6605
5591,7060
5592,3881
5593,3499
5594,6978
5595,960
5596,603
5597,2363
5598,8009
5599,1803
5600,7648
5601,6431
5602,8291
5603,3890
5604,8877
5605,3035
5606,4137
5607,5813
5608,9155
5609,7046
5610,4219
5611,3909
5612,6162
5613,5899
5614,7442
5615,5784
5616,9421
5617,9490
5618,4963
5619,8676
5620,6979
5621,9159
5622,2935
5623,2850
5624,4549
5625,5581
5626,7088
5627,7576
5628,4556
5629,5218
5630,3454
5631,5659
5632,2545
5633,8945
5634,694
5635,9438
5636,7503
5637,3841
5638,5361
5639,6430
5640,9327
5641,3726
5642,9538
5643,3175
5644,2661
5645,7767
5646,9071
5647,4218
5648,3539
5649,8673
5650,188
5651,4948
5652,153
5653,5075
5654,5951
5655,4191
5656,8014
5657,8592
5658,657
5659,9200
5660,9556
5661,8130
5662,8002
5663,6724
5664,930
5665,3221
5666,831
5667,6952
5668,4785
5669,7680
5670,5001
5671,9283
5672,4217
5673,9341
5674,3698
5675,3734
5676,6790
5677,1371
5678,2000
5679,8028
5680,6637
5681,8489
5682,1821
5683,5406
5684,6832
5685,5471
5686,9951
5687,329
5688,9979
5689,1325
5690,6126
5691,3044
5692,7179
5693,7375
5694,1
5695,643
5696,7786
5697,2105
5698,3636
5699,5016
5700,3471
5701,2114
5702,5708
5703,3555
5704,4389
5705,286
5706,3702
5707,2454
5708,159
5709,5881
5710,534
5711,8557
5712,3350
5713,3939
5714,9390
5715,9018
5716,9080
5717,3271
5718,1832
5719,7712
5720,7477
5721,4690
5722,5285
5723,9808
5724,7048
5725,8247
5726,7561
5727,5600
5728,7252
5729,3621
5730,216
5731,9658
5732,7267
5733,7677
5734,3729
5735,1626
5736,1409
5737,5454
5738,3184
5739,6792
5740,8929
5741,9720
5742,6465
5743,4148
5744,3170
5745,8988
5746,6656
5747,4956
5748,4949
5749,3319
5750,4798
5751,6408
5752,3376
5753,3239
5754,8424
5755,9140
5756,1829
5757,2134
5758,355
5759,88
5760,3626
5761,9835
5762,8136
5763,5292
5764,3859
5765,3902
5766,6869
5767,4649
5768,8689
5769,4425
5770,312
5771,1473
5772,6818
5773,1316
5774,711
5775,6191
5776,3972
5777,548
5778,880
5779,3323
5780,8798
5781,5452
5782,2630
5783,8410
5784,7536
5785,8419
5786,3220
5787,5090
5788,7188
5789,5112
5790,6689
5791,1256
5792,5587
5793,4278
5794,5165
5795,4926
5796,6741
5797,2949
5798,5572
5799,9869
5800,4343
5801,4664
5802,9912
5803,6924
5804,5054
5805,9589
5806,8843
5807,3445
5808,4322
5809,5590
5810,2719
5811,2780
5812,9888
5813,4557
5814,6300
5815,8343
5816,797
5817,9475
5818,5577
5819,7388
5820,3912
5821,3641
5822,9082
5823,1613
5824,8478
5825,1230
5826,8638
5827,9379
5828,4819
5829,3944
5830,8547
5831,8244
5832,5335
5833,3950
5834,7753
5835,491
5836,1824
5837,2152
5838,2402
5839,7515
5840,9384
5841,220
5842,5766
5843,7050
5844,3094
5845,1507
5846,8277
5847,399
5848,9189
5849,4585
5850,8596
5851,5693
5852,4355
5853,8871
5854,2225
5855,5234
5856,4692
5857,3336
5858,8571
5859,6942
5860,5671
5861,6080
5862,134
5863,3215
5864,6622
5865,5625
5866,9227
5867,7380
5868,6541
5869,5403
5870,6485
5871,9614
5872,6955
5873,6060
5874,9331
5875,9262
5876,992
5877,6344
5878,5086
5879,195
5880,5772
5881,1346
5882,2778
5883,3723
5884,7249
5885,9203
5886,2084
5887,8593
5888,3154
5889,8331
5890,6901
5891,3313
5892,2843
5893,2308
5894,645
5895,3181
5896,3773
5897,7423
5898,4380
5899,4495
5900,3947
5901,3687
5902,6413
5903,16
5904,8724
5905,9002
5906,7284
5907,4279
5908,7671
5909,1166
5910,5838
5911,9581
5912,307
5913,210
5914,384
5915,8602
5916,5612
5917,3992
5918,6663
5919,5281
5920,5528
5921,6520
5922,7289
5923,5601
5924,4010
5925,9059
5926,6315
5927,8756
5928,4347
5929,2258
5930,9682
5931,4152
5932,8793
5933,2147
5934,1971
5935,1819
5936,2126
5937,2092
5938,8246
5939,231
5940,5125
5941,7735
5942,7420
5943,8138
5944,7171
5945,4022
5946,7446
5947,5538
5948,1575
5949,7950
5950,9530
5951,8480
5952,8986
5953,5647
5954,4676
5955,8866
5956,613
5957,3211
5958,9512
5959,834
5960,8627
5961,5166
5962,6461
5963,7601
5964,8648
5965,9263
5966,1946
5967,3487
5968,8272
5969,6384
5970,2394
5971,2182
5972,6544
5973,6743
5974,7858
5975,9368
5976,2885
5977,1836
5978,9822
5979,9076
5980,1818
5981,1257
5982,3838
5983,9375
5984,6376
5985,8650
5986,9865
5987,2984
5988,7656
5989,4410
5990,4802
5991,9574
5992,7422
5993,2222
5994,9134
5995,9812
5996,4125
5997,3190
5998,4760
5999,3152
6000,7861
6001,2639
6002,7112
6003,8050
6004,9039
6005,5026
6006,6618
6007,175
6008,8257
6009,4376
6010,4925
6011,2407
6012,9342
6013,4959
6014,4992
6015,8717
6016,2019
6017,3977
6018,6172
6019,4076
6020,4920
6021,3153
6022,8646
6023,9125
6024,2842
6025,6151
6026,1630
6027,6179
6028,414
6029,7331
6030,7419
6031,8004
6032,7739
6033,2083
6034,8690
6035,5962
6036,291
6037,7742
6038,6781
6039,8816
6040,7502
6041,9187
6042,2979
6043,2900
6044,6506
6045,1275
6046,1052
6047,783
6048,8612
6049,4849
6050,193
6051,5314
6052,6463
6053,5636
6054,7002
6055,9980
6056,3810
6057,8441
6058,2588
6059,3093
6060,7031
6061,7831
6062,7539
6063,6321
6064,2790
6065,5871
6066,9313
6067,2391
6068,2033
6069,1712
6070,1665
6071,8310
6072,5227
6073,8980
6074,2423
6075,4538
6076,5823
6077,859
6078,1412
6079,1429
6080,3958
6081,4159
6082,6239
6083,3618
6084,31
6085,1050
6086,8073
6087,1747
6088,9757
6089,7825
6090,1227
6091,8965
6092,394
6093,9151
6094,3062
6095,4100
6096,3742
6097,3630
6098,4721
6099,4497
6100,1715
6101,6032
6102,825
6103,6546
6104,3402
6105,3437
6106,7020
6107,7330
6108,7707
6109,1891
6110,396
6111,9715
6112,8098
6113,7070
6114,8482
6115,8764
6116,8572
6117,8369
6118,9491
6119,9066
6120,9817
6121,9656
6122,8368
6123,7853
6124,9557
6125,5796
6126,1902
6127,17
6128,8939
6129,6047
6130,1467
6131,4581
6132,4000
6133,3839
6134,5547
6135,1039
6136,333
6137,2282
6138,2300
6139,4038
6140,5465
6141,3789
6142,748
6143,4739
6144,419
6145,9090
6146,5677
6147,7361
6148,5032
6149,8463
6150,3718
6151,1483
6152,7818
6153,3645
6154,7269
6155,9994
6156,3498
6157,7278
6158,4673
6159,415
6160,8910
6161,5989
6162,3673
6163,667
6164,1889
6165,7609
6166,3105
6167,9694
6168,7941
6169,4669
6170,2477
6171,3060
6172,2531
6173,4463
6174,8485
6175,3067
6176,6721
6177,6850
6178,5933
6179,8513
6180,3218
6181,8422
6182,6686
6183,2444
6184,5815
6185,9730
6186,1244
6187,5078
6188,9615
6189,7339
6190,4426
6191,7497
6192,6065
6193,2488
6194,2971
6195,7234
6196,1756
6197,1917
6198,2050
6199,6643
6200,9826
6201,8800
6202,1879
6203,8042
6204,7637
6205,6531
6206,7697
6207,1024
6208,2635
6209,4867
6210,7600
6211,8101
6212,3083
6213,685
6214,7493
6215,4088
6216,2287
6217,6951
6218,2346
6219,2117
6220,5919
6221,6911
6222,2319
6223,8370
6224,149
6225,8228
6226,9778
6227,3522
6228,9087
6229,8989
6230,7781
6231,6630
6232,5770
6233,2420
6234,4693
6235,5593
6236,8549
6237,6263
6238,8231
6239,2038
6240,9685
6241,2593
6242,3775
6243,1744
6244,5043
6245,2602
6246,5240
6247,3380
6248,1760
6249,5390
6250,2933
6251,3183
6252,3738
6253,1959
6254,3475
6255,8669
6256,3984
6257,9510
6258,1640
6259,9690
6260,2016
6261,4771
6262,201
6263,584
6264,761
6265,3195
6266,3654
6267,3888
6268,8450
6269,8861
6270,5822
6271,5022
6272,8359
6273,7559
6274,3517
6275,5937
6276,907
6277,7975
6278,8250
6279,3178
6280,3214
6281,7889
6282,9827
6283,6731
6284,7318
6285,2017
6286,1820
6287,4821
6288,9740
6289,1805
6290,4782
6291,8883
6292,4282
6293,6177
6294,4295
6295,1522
6296,3616
6297,3759
6298,7593
6299,3251
6300,8051
6301,3201
6302,6418
6303,6392
6304,3959
6305,9219
6306,3796
6307,677
6308,8376
6309,7069
6310,4486
6311,6058
6312,5249
6313,3996
6314,6986
6315,2969
6316,4304
6317,7111
6318,9356
6319,9941
6320,7921
6321,1405
6322,9464
6323,933
6324,2702
6325,1292
6326,5071
6327,2275
6328,6290
6329,7983
6330,6874
6331,8702
6332,9593
6333,2762
6334,8417
6335,6580
6336,226
6337,2201
6338,5362
6339,8091
6340,254
6341,6875
6342,1491
6343,7066
6344,4932
6345,2925
6346,698
6347,8206
6348,8081
6349,6719
6350,1356
6351,2853
6352,9362
6353,8525
6354,3967
6355,4172
6356,2397
6357,2824
6358,9763
6359,3409
6360,2227
6361,8444
6362,6708
6363,8833
6364,6797
6365,1995
6366,3216
6367,8318
6368,7863
6369,7851
6370,7566
6371,4335
6372,8507
6373,338
6374,3054
6375,8438
6376,4170
6377,9862
6378,9252
6379,9933
6380,1745
6381,3716
6382,3611
6383,4805
6384,5365
6385,91
6386,9853
6387,7720
6388,3326
6389,418
6390,543
6391,4446
6392,5539
6393,8191
6394,3408
6395,2290
6396,5749
6397,8240
6398,580
6399,5569
6400,9891
6401,1136
6402,7940
6403,5534
6404,4401
6405,4595
6406,5058
6407,7780
6408,764
6409,4696
6410,1830
6411,2764
6412,3301
6413,441
6414,6072
6415,6388
6416,5642
6417,9855
6418,6034
6419,182
6420,8313
6421,814
6422,1557
6423,3095
6424,517
6425,3008
6426,4028
6427,8957
6428,9600
6429,9815
6430,9560
6431,4890
6432,6248
6433,1481
6434,4966
6435,9511
6436,3895
6437,7439
6438,754
6439,169
6440,3486
6441,2858
6442,1602
6443,4334
6444,4600
6445,5202
6446,9399
6447,7201
6448,8736
6449,3102
6450,9765
6451,6117
6452,1738
6453,4964
6454,4784
6455,4180
6456,5741
6457,6757
6458,3864
6459,1550
6460,2455
6461,7449
6462,8350
6463,6555
6464,140
6465,8536
6466,9976
6467,5264
6468,2448
6469,1072
6470,801
6471,5408
6472,6674
6473,8865
6474,9564
6475,5892
6476,4433
6477,9515
6478,1579
6479,3686
6480,2085
6481,8746
6482,3814
6483,4997
6484,6751
6485,4161
6486,202
6487,7024
6488,6984
6489,6626
6490,6939
6491,9192
6492,7147
6493,5451
6494,7065
6495,9184
6496,3730
6497,791
6498,3854
6499,4930
6500,3416
6501,4995
6502,6839
6503,3637
6504,2828
6505,5851
6506,9621
6507,1754
6508,6059
6509,5205
6510,2725
6511,9322
6512,7567
6513,8430
6514,9684
6515,4358
6516,6796
6517,8884
6518,6366
6519,3943
6520,5012
6521,2627
6522,5846
6523,8836
6524,8560
6525,2256
6526,7075
6527,4162
6528,1440
6529,954
6530,1766
6531,9007
6532,6422
6533,2120
6534,5199
6535,5592
6536,7913
6537,5835
6538,6573
6539,6801
6540,5412
6541,9506
6542,816
6543,2503
6544,2102
6545,1861
6546,805
6547,4743
6548,309
6549,7931
6550,7813
6551,183
6552,4039
6553,3448
6554,1194
6555,7926
6556,1934
6557,2909
6558,3272
6559,6750
6560,6812
6561,2301
6562,1066
6563,1251
6564,3165
6565,3411
6566,224
6567,435
6568,957
6569,8568
6570,2849
6571,6749
6572,5713
6573,3385
6574,4643
6575,3222
6576,1140
6577,1069
6578,1661
6579,3617
6580,1848
6581,5761
6582,6332
6583,7475
6584,4223
6585,5067
6586,4156
6587,1344
6588,9747
6589,4454
6590,8477
6591,7598
6592,6534
6593,4911
6594,3829
6595,8497
6596,5302
6597,7044
6598,1615
6599,7366
6600,4864
6601,4141
6602,2889
6603,2756
6604,3129
6605,5208
6606,4591
6607,9821
6608,3805
6609,4675
6610,7374
6611,9060
6612,7854
6613,9142
6614,7860
6615,9571
6616,5034
6617,9001
6618,7001
6619,3473
6620,5874
6621,9373
6622,3842
6623,3862
6624,6635
6625,460
6626,351
6627,4204
6628,5473
6629,1125
6630,5298
6631,600
6632,5965
6633,2687
6634,1962
6635,871
6636,6134
6637,7175
6638,7898
6639,2785
6640,5432
6641,382
6642,4393
6643,7035
6644,2418
6645,5461
6646,20
6647,7156
6648,5696
6649,4776
6650,4007
6651,4385
6652,2520
6653,2138
6654,7130
6655,9182
6656,973
6657,5338
6658,2265
6659,7602
6660,1911
6661,8894
6662,8171
6663,7746
6664,6572
6665,6518
6666,9518
6667,8624
6668,4013
6669,9637
6670,6981
6671,6513
6672,5396
6673,5943
6674,1513
6675,3603
6676,2428
6677,5200
6678,3606
6679,3287
6680,3114
6681,8476
6682,438
6683,4213
6684,1587
6685,1446
6686,9037
6687,5291
6688,4668
6689,3622
6690,6817
6691,8327
6692,8090
6693,6452
6694,5780
6695,6647
6696,5433
6697,5910
6698,4975
6699,4492
6700,6209
6701,3433
6702,8278
6703,4969
6704,775
6705,6353
6706,8845
6707,7017
6708,4424
6709,6918
6710,2441
6711,2711
6712,6000
6713,756
6714,4887
6715,9753
6716,9957
6717,5997
6718,6680
6719,7829
6720,6861
6721,3724
6722,8693
6723,7450
6724,3038
6725,7076
6726,6216
6727,9185
6728,1621
6729,8812
6730,208
6731,5613
6732,802
6733,8425
6734,1109
6735,6237
6736,5127
6737,665
6738,1406
6739,1403
6740,5410
6741,3926
6742,4340
6743,7172
6744,2386
6745,3157
6746,9043
6747,9003
6748,2431
6749,8964
6750,6667
6751,3325
6752,3168
6753,7343
6754,5113
6755,7508
6756,8082
6757,259
6758,7115
6759,4826
6760,7174
6761,4845
6762,1901
6763,9676
6764,4479
6765,2476
6766,3514
6767,7762
6768,9075
6769,7371
6770,4831
6771,6809
6772,1496
6773,8794
6774,906
6775,3113
6776,7774
6777,6305
6778,5611
6779,434
6780,8270
6781,4624
6782,5142
6783,3339
6784,9177
6785,370
6786,4405
6787,1731
6788,1147
6789,945
6790,1093
6791,6052
6792,7259
6793,8876
6794,2891
6795,2427
6796,2200
6797,1585
6798,376
6799,3305
6800,6735
6801,985
6802,9820
6803,990
6804,3075
6805,9785
6806,3230
6807,9055
6808,8348
6809,787
6810,5759
6811,3647
6812,6295
6813,5959
6814,3563
6815,8377
6816,8466
6817,7978
6818,732
6819,4857
6820,7700
6821,6203
6822,2529
6823,5419
6824,5757
6825,5634
6826,2845
6827,3946
6828,7924
6829,8443
6830,617
6831,3041
6832,3953
6833,7678
6834,4281
6835,7883
6836,9246
6837,2736
6838,6985
6839,1906
6840,5278
6841,5594
6842,5370
6843,8730
6844,3812
6845,1767
6846,8515
6847,3940
6848,6564
6849,482
6850,9596
6851,8125
6852,4562
6853,988
6854,9568
6855,8590
6856,1933
6857,2655
6858,7945
6859,1419
6860,6872
6861,6682
6862,8449
6863,2449
6864,2581
6865,5472
6866,5248
6867,8844
6868,9627
6869,4502
6870,7947
6871,3602
6872,8630
6873,9900
6874,3283
6875,9958
6876,1437
6877,5701
6878,5154
6879,2543
6880,2819
6881,2121
6882,8706
6883,8874
6884,9993
6885,2919
6886,2929
6887,3365
6888,2685
6889,5345
6890,5941
6891,9521
6892,8223
6893,3440
6894,5729
6895,8691
6896,2974
6897,1576
6898,2183
6899,5559
6900,2272
6901,2537
6902,9598
6903,6275
6904,7711
6905,4339
6906,6193
6907,5000
6908,3261
6909,3970
6910,7793
6911,166
6912,3800
6913,6476
6914,2511
6915,5960
6916,9273
6917,3037
6918,9618
6919,2715
6920,8338
6921,8774
6922,9414
6923,2510
6924,3819
6925,5353
6926,2998
6927,6254
6928,4200
6929,280
6930,3574
6931,7390
6932,2708
6933,2598
6934,1647
6935,1284
6936,163
6937,3318
6938,9541
6939,5653
6940,4703
6941,3917
6942,6576
6943,8528
6944,1958
6945,2986
6946,7800
6947,5018
6948,1814
6949,7168
6950,2877
6951,3558
6952,1724
6953,1471
6954,9166
6955,2993
6956,8372
6957,8962
6958,6882
6959,9901
6960,1201
6961,4417
6962,9393
6963,3112
6964,3010
6965,2283
6966,562
6967,2388
6968,2359
6969,7823
6970,638
6971,1932
6972,302
6973,4209
6974,2473
6975,5023
6976,1116
6977,5348
6978,9062
6979,1710
6980,2882
6981,1919
6982,1276
6983,1720
6984,1799
6985,6991
6986,2816
6987,648
6988,4943
6989,5574
6990,5975
6991,6685
6992,8968
6993,7342
6994,4412
6995,4285
6996,4036
6997,2563
6998,1302
6999,6401
7000,6387
7001,2953
7002,3711
7003,4126
7004,363
7005,7230
7006,6292
7007,8645
7008,4818
7009,830
7010,3679
7011,1180
7012,7565
7013,6826
7014,2596
7015,6458
7016,6687
7017,4589
7018,3538
7019,8427
7020,7665
7021,5242
7022,3875
7023,7470
7024,2251
7025,3204
7026,995
7027,5231
7028,3097
7029,7405
7030,654
7031,6992
7032,9056
7033,340
7034,1608
7035,4825
7036,7328
7037,7132
7038,1532
7039,2841
7040,2484
7041,1451
7042,5976
7043,475
7044,6540
7045,7583
7046,124
7047,5501
7048,393
7049,4892
7050,9335
7051,9616
7052,8319
7053,1523
7054,6950
7055,1690
7056,2697
7057,1541
7058,3683
7059,5674
7060,2749
7061,5271
7062,5724
7063,6946
7064,2996
7065,1667
7066,3030
7067,7922
7068,4851
7069,1558
7070,4934
7071,8267
7072,9015
7073,3463
7074,9996
7075,4546
7076,7525
7077,9603
7078,6243
7079,6691
7080,8187
7081,4970
7082,319
7083,7663
7084,3238
7085,1614
7086,7486
7087,3496
7088,3866
7089,1546
7090,3731
7091,6056
7092,7223
7093,1985
7094,144
7095,6312
7096,2948
7097,8985
7098,9169
7099,1008
7100,507
7101,4666
7102,440
7103,9057
7104,5834
7105,4559
7106,6783
7107,7460
7108,8808
7109,8522
7110,6012
7111,7645
7112,4910
7113,9211
7114,9415
7115,9662
7116,7268
7117,4329
7118,4518
7119,9419
7120,968
7121,1682
7122,8917
7123,5148
7124,5744
7125,4917
7126,607
7127,535
7128,5725
7129,7153
7130,1376
7131,7636
7132,5017
7133,6386
7134,5110
7135,845
7136,4366
7137,2035
7138,2831
7139,6747
7140,5732
7141,5352
7142,1559
7143,6120
7144,9259
7145,3999
7146,2675
7147,8577
7148,7324
7149,8095
7150,5806
7151,4155
7152,4414
7153,9115
7154,7200
7155,5990
7156,6529
7157,5320
7158,9907
7159,4599
7160,3677
7161,7967
7162,9093
7163,3450
7164,7131
7165,5106
7166,3697
7167,2006
7168,6246
7169,2059
7170,1387
7171,6403
7172,8266
7173,7590
7174,1599
7175,9338
7176,6655
7177,6232
7178,8530
7179,294
7180,6879
7181,7918
7182,7552
7183,8007
7184,9775
7185,2614
7186,1838
7187,2212
7188,7588
7189,583
7190,5284
7191,3309
7192,1309
7193,7595
7194,9507
7195,3766
7196,6976
7197,7248
7198,2784
7199,2951
7200,5542
7201,2267
7202,3263
7203,6198
7204,9583
7205,9153
7206,9228
7207,6083
7208,3430
7209,909
7210,6074
7211,9987
7212,7953
7213,6436
7214,4618
7215,1851
7216,4587
7217,9668
7218,9939
7219,8905
7220,2162
7221,4142
7222,2447
7223,5224
7224,5262
7225,9774
7226,3751
7227,8574
7228,7792
7229,1192
7230,1560
7231,2130
7232,2417
7233,8544
7234,2585
7235,9385
7236,7618
7237,7688
7238,3266
7239,9244
7240,1054
7241,655
7242,6866
7243,8727
7244,6016
7245,759
7246,3180
7247,9146
7248,3233
7249,5628
7250,8330
7251,379
7252,2943
7253,9741
7254,1867
7255,1517
7256,3848
7257,5342
7258,6679
7259,7675
7260,3421
7261,6143
7262,2496
7263,9135
7264,4644
7265,3801
7266,8220
7267,12
7268,5857
7269,2688
7270,5060
7271,3512
7272,3031
7273,9065
7274,7581
7275,4762
7276,327
7277,7099
7278,5193
7279,7713
7280,7105
7281,7687
7282,5288
7283,8901
7284,6549
7285,4846
7286,9687
7287,7725
7288,7604
7289,2217
7290,9249
7291,5104
7292,9077
7293,5036
7294,7882
7295,3898
7296,2206
7297,6222
7298,4428
7299,697
7300,9446
7301,1425
7302,2358
7303,299
7304,3627
7305,2742
7306,7765
7307,3649
7308,5520
7309,8245
7310,7164
7311,6490
7312,2567
7313,5641
7314,5895
7315,6767
7316,8932
7317,8190
7318,4958
7319,9013
7320,9346
7321,7573
7322,6997
7323,106
7324,4164
7325,2263
7326,9364
7327,4436
7328,9271
7329,3813
7330,5697
7331,421
7332,8780
7333,6287
7334,4168
7335,6710
7336,1780
7337,4854
7338,6609
7339,9896
7340,9999
7341,6631
7342,2609
7343,7553
7344,2384
7345,850
7346,3355
7347,3781
7348,4967
7349,771
7350,2094
7351,7730
7352,9594
7353,4051
7354,6718
7355,6969
7356,2803
7357,4667
7358,5872
7359,1860
7360,8408
7361,8402
7362,4498
7363,5849
7364,295
7365,4573
7366,9635
7367,525
7368,1334
7369,9804
7370,6404
7371,5002
7372,8820
7373,5686
7374,5373
7375,6075
7376,8183
7377,6434
7378,8846
7379,6717
7380,7015
7381,8040
7382,9128
7383,6459
7384,5902
7385,7447
7386,9514
7387,9654
7388,9692
7389,3693
7390,5059
7391,9885
7392,1942
7393,4809
7394,5418
7395,8248
7396,3446
7397,1200
7398,1761
7399,5652
7400,991
7401,8553
7402,2667
7403,5579
7404,290
7405,5255
7406,5506
7407,7358
7408,6215
7409,9552
7410,5025
7411,2322
7412,1610
7413,1374
7414,1004
7415,2987
7416,6031
7417,3741
7418,5133
7419,8997
7420,3682
7421,8974
7422,2133
7423,4816
7424,6494
7425,4259
7426,2871
7427,3725
7428,9264
7429,1619
7430,7628
7431,7777
7432,9349
7433,4541
7434,3847
7435,8770
7436,6329
7437,3121
7438,3757
7439,7451
7440,2294
7441,6266
7442,9355
7443,2036
7444,445
7445,2932
7446,4694
7447,4977
7448,649
7449,1240
7450,5767
7451,8092
7452,7666
7453,3624
7454,6624
7455,8660
7456,9365
7457,9058
7458,8540
7459,5985
7460,3050
7461,9696
7462,632
7463,9487
7464,7139
7465,6651
7466,6550
7467,2001
7468,3592
7469,3073
7470,6363
7471,3777
7472,4751
7473,9873
7474,7000
7475,3783
7476,9697
7477,9914
7478,1352
7479,7799
7480,5847
7481,3231
7482,1331
7483,1177
7484,8948
7485,2606
7486,1637
7487,6907
7488,5050
7489,139
7490,2293
7491,8056
7492,6847
7493,8754
7494,3968
7495,3956
7496,2945
7497,567
7498,7457
7499,6357
7500,5566
7501,4814
7502,6328
7503,2005
7504,9806
7505,215
7506,8208
7507,3337
7508,4946
7509,8238
7510,8100
7511,1660
7512,3354
7513,8655
7514,5769
7515,3462
7516,3765
7517,4928
7518,1148
7519,1807
7520,6152
7521,6893
7522,3714
7523,7617
7524,6511
7525,924
7526,8122
7527,987
7528,69
7529,5117
7530,1030
7531,4750
7532,3823
7533,821
7534,9319
7535,9597
7536,1416
7537,4889
7538,6848
7539,185
7540,7776
7541,6129
7542,1612
7543,2149
7544,6028
7545,4951
7546,6660
7547,4954
7548,2707
7549,5467
7550,8498
7551,3235
7552,6824
7553,9266
7554,4689
7555,7605
7556,8339
7557,8077
7558,1717
7559,4839
7560,5958
7561,4021
7562,2714
7563,5689
7564,2837
7565,2964
7566,2180
7567,6883
7568,6262
7569,5479
7570,6471
7571,8935
7572,9640
7573,7488
7574,5544
7575,8322
7576,105
7577,3226
7578,9484
7579,6199
7580,9876
7581,6906
7582,1115
7583,34
7584,9462
7585,2805
7586,8606
7587,6339
7588,1263
7589,904
7590,8586
7591,3420
7592,7281
7593,4876
7594,6004
7595,203
7596,6
7597,7369
7598,9370
7599,7220
7600,4407
7601,9426
7602,6301
7603,2704
7604,8351
7605,9377
7606,2565
7607,8720
7608,8683
7609,8352
7610,6171
7611,4659
7612,8661
7613,8757
7614,2369
7615,8459
7616,6282
7617,978
7618,2494
7619,2412
7620,2699
7621,7674
7622,2237
7623,8462
7624,6163
7625,2154
7626,2460
7627,8993
7628,2065
7629,1307
7630,7122
7631,4833
7632,9586
7633,9769
7634,9931
7635,5680
7636,1190
7637,8155
7638,8755
7639,9257
7640,6367
7641,3383
7642,9107
7643,7144
7644,1753
7645,9902
7646,1510
7647,3116
7648,8803
7649,9160
7650,7804
7651,5107
7652,5856
7653,947
7654,6720
7655,99
7656,7157
7657,1876
7658,5832
7659,9733
7660,8674
7661,4737
7662,3877
7663,5807
7664,2721
7665,3188
7666,3185
7667,3852
7668,7102
7669,3931
7670,3427
7671,2500
7672,7480
7673,9492
7674,8254
7675,5149
7676,8584
7677,8941
7678,5887
7679,2435
7680,822
7681,9920
7682,5894
7683,2264
7684,9495
7685,3665
7686,8914
7687,4248
7688,5082
7689,2628
7690,4596
7691,7992
7692,7402
7693,9915
7694,1854
7695,5079
7696,206
7697,6499
7698,9943
7699,1415
7700,4655
7701,30
7702,1001
7703,7752
7704,8778
7705,7192
7706,7229
7707,1443
7708,1359
7709,3690
7710,1674
7711,6977
7712,6141
7713,9423
7714,5191
7715,9643
7716,5850
7717,9054
7718,7334
7719,7708
7720,8121
7721,6773
7722,9248
7723,6677
7724,3527
7725,128
7726,3849
7727,404
7728,3815
7729,2207
7730,8613
7731,5633
7732,1428
7733,4897
7734,6565
7735,2796
7736,9106
7737,428
7738,684
7739,1027
7740,2463
7741,9555
7742,5169
7743,4207
7744,8181
7745,9781
7746,5339
7747,1588
7748,7620
7749,3736
7750,7577
7751,4169
7752,965
7753,1036
7754,6983
7755,1241
7756,8288
7757,2656
7758,4333
7759,2956
7760,7067
7761,8600
7762,2104
7763,7580
7764,5971
7765,7121
7766,8502
7767,2636
7768,7971
7769,9695
7770,8699
7771,5489
7772,5156
7773,1377
7774,1609
7775,6168
7776,1162
7777,252
7778,8749
7779,7627
7780,8533
7781,3662
7782,4812
7783,5878
7784,9435
7785,5986
7786,4490
7787,8341
7788,9833
7789,5864
7790,6841
7791,2160
7792,9529
7793,2893
7794,2057
7795,3292
7796,8124
7797,7613
7798,2541
7799,5377
7800,5917
7801,8619
7802,8505
7803,8437
7804,2071
7805,6964
7806,9205
7807,1462
7808,7216
7809,4186
7810,1122
7811,1890
7812,385
7813,8952
7814,9846
7815,6483
7816,8927
7817,4267
7818,9332
7819,1654
7820,7862
7821,7218
7822,5250
7823,4884
7824,5245
7825,1268
7826,7751
7827,3161
7828,7958
7829,1849
7830,5690
7831,2712
7832,3424
7833,4367
7834,6217
7835,4041
7836,5371
7837,2527
7838,5177
7839,1404
7840,1834
7841,5384
7842,6111
7843,4216
7844,7016
7845,1716
7846,1118
7847,1297
7848,9098
7849,7007
7850,4048
7851,6548
7852,1502
7853,7437
7854,4247
7855,2396
7856,1899
7857,7695
7858,8615
7859,1413
7860,9394
7861,1822
7862,96
7863,4147
7864,9321
7865,6661
7866,4037
7867,862
7868,619
7869,6379
7870,2868
7871,6830
7872,6671
7873,1723
7874,4107
7875,5791
7876,7194
7877,5053
7878,6586
7879,9354
7880,5620
7881,7973
7882,2364
7883,750
7884,4158
7885,9929
7886,9508
7887,7029
7888,4346
7889,4456
7890,3850
7891,3798
7892,2682
7893,250
7894,4583
7895,9328
7896,1983
7897,9811
7898,7897
7899,3655
7900,9031
7901,7884
7902,2093
7903,6557
7904,9970
7905,9926
7906,7280
7907,9884
7908,9162
7909,4697
7910,3110
7911,9011
7912,7920
7913,6571
7914,9917
7915,7948
7916,9937
7917,9952
7918,4174
7919,2833
7920,5789
7921,5679
7922,5731
7923,4122
7924,1951
7925,9537
7926,5426
7927,5711
7928,7315
7929,8235
7930,4708
7931,6649
7932,4792
7933,9831
7934,4629
7935,8594
7936,1285
7937,3746
7938,3478
7939,3768
7940,9163
7941,5223
7942,8342
7943,4362
7944,946
7945,6789
7946,4704
7947,7191
7948,1169
7949,9578
7950,5549
7951,7691
7952,3081
7953,4408
7954,2345
7955,6489
7956,5608
7957,6936
7958,702
7959,1565
7960,6779
7961,636
7962,634
7963,6562
7964,1164
7965,8813
7966,2997
7967,8705
7968,7658
7969,8797
7970,2916
7971,8708
7972,6990
7973,4193
7974,6105
7975,3727
7976,8421
7977,9325
7978,4705
7979,1000
7980,3378
7981,7294
7982,6178
7983,5606
7984,9879
7985,2410
7986,8200
7987,9573
7988,3975
7989,3147
7990,6486
7991,4409
7992,4882
7993,7134
7994,4648
7995,6584
7996,6090
7997,9425
7998,4415
7999,7129
8000,4539
8001,1006
8002,1628
8003,7034
8004,9309
8005,4449
8006,4991
8007,8292
8008,2008
8009,581
8010,774
8011,1353
8012,1080
8013,2575
8014,745
8015,717
8016,8230
8017,8061
8018,7452
8019,5209
8020,4477
8021,6149
8022,5251
8023,4211
8024,4532
8025,5137
8026,8710
8027,7382
8028,6949
8029,9777
8030,8999
8031,9886
8032,6294
8033,8644
8034,8994
8035,6136
8036,7288
8037,3040
8038,2659
8039,1997
8040,2377
8041,7319
8042,7404
8043,7013
8044,7250
8045,713
8046,1252
8047,1170
8048,9120
8049,9315
8050,8391
8051,6356
8052,6497
8053,313
8054,2683
8055,928
8056,4912
8057,1990
8058,7657
8059,1813
8060,4077
8061,3845
8062,9108
8063,1816
8064,9221
8065,4243
8066,9971
8067,9030
8068,9959
8069,1355
8070,6271
8071,8828
8072,7421
8073,5576
8074,8622
8075,7100
8076,1556
8077,7057
8078,2141
8079,1512
8080,8573
8081,5970
8082,3442
8083,2348
8084,2334
8085,3150
8086,8301
8087,5139
8088,8913
8089,9067
8090,5762
8091,9016
8092,8909
8093,5710
8094,1439
8095,6140
8096,7610
8097,8273
8098,5038
8099,9709
8100,6433
8101,8378
8102,8670
8103,6819
8104,8561
8105,537
8106,3861
8107,2922
8108,6110
8109,836
8110,5595
8111,4869
8112,9818
8113,9367
8114,3335
8115,3300
8116,2866
8117,1776
8118,6208
8119,9380
8120,5344
8121,689
8122,6247
8123,9324
8124,5531
8125,9305
8126,7837
8127,112
8128,1141
8129,9880
8130,7791
8131,3865
8132,4402
8133,190
8134,3589
8135,8977
8136,9445
8137,6804
8138,5787
8139,2194
8140,4480
8141,6774
8142,2776
8143,2404
8144,4921
8145,2372
8146,2305
8147,1209
8148,5981
8149,7689
8150,9567
8151,4484
8152,589
8153,2516
8154,3901
8155,6639
8156,1081
8157,8058
8158,3453
8159,6603
8160,9878
8161,2771
8162,5502
8163,5102
8164,9982
8165,3384
8166,8629
8167,1012
8168,6224
8169,742
8170,7905
8171,6616
8172,644
8173,4817
8174,4372
8175,7828
8176,6270
8177,962
8178,9500
8179,5605
8180,8151
8181,8509
8182,6759
8183,7875
8184,2171
8185,9094
8186,6474
8187,3347
8188,4685
8189,4922
8190,5698
8191,8912
8192,843
8193,9786
8194,8458
8195,4023
8196,342
8197,9141
8198,2978
8199,5516
8200,5660
8201,4625
8202,7400
8203,9260
8204,8345
8205,1047
8206,218
8207,6236
8208,4830
8209,3793
8210,1903
8211,1831
8212,2570
8213,4543
8214,4747
8215,9474
8216,9020
8217,6462
8218,7160
8219,7564
8220,9284
8221,6641
8222,7005
8223,7321
8224,7203
8225,8110
8226,9983
8227,1375
8228,7403
8229,4098
8230,7367
8231,8019
8232,4470
8233,8527
8234,1197
8235,5859
8236,8511
8237,2140
8238,1651
8239,4935
8240,4116
8241,7653
8242,4365
8243,8252
8244,2018
8245,6352
8246,6740
8247,2525
8248,8385
8249,334
8250,1773
8251,9466
8252,9918
8253,9681
8254,3199
8255,9450
8256,9989
8257,1134
8258,3694
8259,1029
8260,8106
8261,4761
8262,7072
8263,7207
8264,3846
8265,7957
8266,3706
8267,993
8268,1979
8269,3882
8270,3607
8271,2356
8272,7062
8273,4224
8274,1505
8275,4203
8276,8960
8277,7028
8278,4049
8279,884
8280,5654
8281,5638
8282,5896
8283,8518
8284,5190
8285,4651
8286,3467
8287,3057
8288,5688
8289,8942
8290,7009
8291,320
8292,2070
8293,2801
8294,6008
8295,7181
8296,3282
8297,5875
8298,4545
8299,9955
8300,5407
8301,7625
8302,7744
8303,7679
8304,8852
8305,2350
8306,6871
8307,6827
8308,7091
8309,8169
8310,5535
8311,7120
8312,8743
8313,3134
8314,5942
8315,9448
8316,4058
8317,7557
8318,6666
8319,2955
8320,6623
8321,4020
8322,9527
8323,8271
8324,5453
8325,9898
8326,7244
8327,7745
8328,9179
8329,8701
8330,5328
8331,7222
8332,4568
8333,6642
8334,2839
8335,1743
8336,7243
8337,8182
8338,1195
8339,5307
8340,5622
8341,6878
8342,1152
8343,7228
8344,539
8345,3576
8346,9718
8347,8493
8348,423
8349,8374
8350,8017
8351,4500
8352,2590
8353,5562
8354,5511
8355,7376
8356,8468
8357,676
8358,1563
8359,6925
8360,8234
8361,5217
8362,9539
8363,9101
8364,6703
8365,4467
8366,9374
8367,3260
8368,7956
8369,2896
8370,4354
8371,7987
8372,8036
8373,4540
8374,6771
8375,7938
8376,6786
8377,4033
8378,4488
8379,4564
8380,2664
8381,6890
8382,861
8383,1281
8384,9782
8385,837
8386,8658
8387,3004
8388,1455
8389,3545
8390,6754
8391,5584
8392,5692
8393,6739
8394,1905
8395,2146
8396,9444
8397,3748
8398,8520
8399,9218
8400,6722
8401,7937
8402,6525
8403,6214
8404,2502
8405,3623
8406,3227
8407,9396
8408,9190
8409,9122
8410,9713
8411,2060
8412,5585
8413,9196
8414,2972
8415,4552
8416,8481
8417,2437
8418,9035
8419,5904
8420,2777
8421,6470
8422,8060
8423,4283
8424,4056
8425,8695
8426,6542
8427,749
8428,5811
8429,7391
8430,5882
8431,7219
8432,7621
8433,8668
8434,8363
8435,9258
8436,3666
8437,8569
8438,5644
8439,3434
8440,7685
8441,6098
8442,752
8443,6851
8444,2333
8445,5475
8446,9174
8447,6041
8448,5153
8449,7085
8450,2599
8451,9121
8452,6971
8453,8383
8454,6507
8455,796
8456,2349
8457,7944
8458,9485
8459,4448
8460,4635
8461,8725
8462,3426
8463,4767
8464,1203
8465,9756
8466,9845
8467,9110
8468,8333
8469,6960
8470,7935
8471,7821
8472,7322
8473,2248
8474,5447
8475,7529
8476,3534
8477,4741
8478,2728
8479,8303
8480,7077
8481,7435
8482,2814
8483,1372
8484,7478
8485,4072
8486,6051
8487,1790
8488,2562
8489,1981
8490,4403
8491,2779
8492,2208
8493,4570
8494,2450
8495,8144
8496,5848
8497,7265
8498,5530
8499,1543
8500,4718
8501,6036
8502,4438
8503,1400
8504,3299
8505,4226
8506,8809
8507,9572
8508,8204
8509,4652
8510,3290
8511,7472
8512,4626
8513,2153
8514,1017
8515,6100
8516,5984
8517,812
8518,9050
8519,8123
8520,4511
8521,1542
8522,3107
8523,3879
8524,7865
8525,6343
8526,9046
8527,9543
8528,9719
8529,164
8530,7709
8531,506
8532,874
8533,8548
8534,6099
8535,5768
8536,1874
8537,970
8538,6001
8539,2042
8540,1952
8541,4135
8542,8297
8543,7930
8544,4024
8545,1475
8546,8603
8547,6522
8548,4008
8549,6482
8550,1798
8551,3816
8552,277
8553,3483
8554,9634
8555,5513
8556,6451
8557,2791
8558,3749
8559,4529
8560,6464
8561,5183
8562,8178
8563,5603
8564,2775
8565,8003
8566,5098
8567,8739
8568,8918
8569,6205
8570,4637
8571,9401
8572,9678
8573,7183
8574,1143
8575,7275
8576,6176
8577,4185
8578,8429
8579,5096
8580,4312
8581,3422
8582,1219
8583,1894
8584,5236
8585,938
8586,4807
8587,5664
8588,9235
8589,2888
8590,9329
8591,4950
8592,5529
8593,452
8594,1470
8595,2962
8596,8046
8597,2276
8598,4962
8599,5828
8600,9745
8601,2330
8602,8851
8603,4318
8604,9486
8605,4324
8606,8751
8607,1673
8608,5021
8609,942
8610,8990
8611,4198
8612,4086
8613,7939
8614,6118
8615,1187
8616,4430
8617,1782
8618,5998
8619,8663
8620,3373
8621,8715
8622,5064
8623,6676
8624,8442
8625,2748
8626,939
8627,1182
8628,794
8629,7279
8630,1002
8631,8579
8632,2532
8633,4738
8634,5063
8635,9041
8636,9683
8637,7224
8638,9729
8639,2542
8640,6803
8641,6415
8642,1295
8643,3980
8644,8164
8645,2792
8646,5888
8647,8881
8648,5922
8649,5837
8650,6854
8651,9770
8652,7902
8653,3194
8654,7816
8655,7670
8656,7528
8657,630
8658,8086
8659,4631
8660,7699
8661,359
8662,9570
8663,2966
8664,6421
8665,5746
8666,6473
8667,3259
8668,9256
8669,9477
8670,2316
8671,2067
8672,4378
8673,8785
8674,6088
8675,4837
8676,1893
8677,2443
8678,4450
8679,2769
8680,1770
8681,7705
8682,6515
8683,7337
8684,9437
8685,8566
8686,2576
8687,1702
8688,4377
8689,9089
8690,2048
8691,6115
8692,9285
8693,7698
8694,4710
8695,9829
8696,9844
8697,9154
8698,3332
8699,2483
8700,8113
8701,240
8702,7108
8703,141
8704,3074
8705,8834
8706,4725
8707,2106
8708,7434
8709,9242
8710,2204
8711,4241
8712,2884
8713,2587
8714,827
8715,7445
8716,8473
8717,3297
8718,5869
8719,6310
8720,6933
8721,3633
8722,5821
8723,5170
8724,7642
8725,3549
8726,2088
8727,4150
8728,2151
8729,7397
8730,7964
8731,551
8732,5555
8733,3087
8734,1474
8735,8709
8736,3017
8737,1165
8738,6103
8739,4764
8740,4879
8741,7962
8742,6814
8743,8639
8744,4724
8745,2040
8746,9420
8747,1040
8748,7209
8749,285
8750,2292
8751,5103
8752,3267
8753,2913
8754,4073
8755,5956
8756,4604
8757,4765
8758,5631
8759,5172
8760,673
8761,2983
8762,6711
8763,4469
8764,3343
8765,1994
8766,4998
8767,4841
8768,7999
8769,2676
8770,2665
8771,7096
8772,9105
8773,5854
8774,2081
8775,8436
8776,2799
8777,5662
8778,8678
8779,1242
8780,9652
8781,1700
8782,3615
8783,8925
8784,3193
8785,1837
8786,4623
8787,146
8788,1009
8789,7040
8790,4843
8791,3914
8792,2173
8793,7368
8794,4929
8795,2244
8796,4856
8797,7273
8798,8601
8799,7870
8800,2538
8801,5944
8802,9992
8803,2281
8804,931
8805,3005
8806,5669
8807,318
8808,1941
8809,8022
8810,7790
8811,3315
8812,6044
8813,5457
8814,6811
8815,3032
8816,3145
8817,7255
8818,4628
8819,6424
8820,7178
8821,5197
8822,6705
8823,4662
8824,8219
8825,7355
8826,4305
8827,5132
8828,6127
8829,9053
8830,8483
8831,2061
8832,9705
8833,7554
8834,1769
8835,7043
8836,1098
8837,9693
8838,3825
8839,6597
8840,8684
8841,842
8842,3981
8843,9883
8844,5651
8845,9932
8846,5286
8847,8467
8848,9610
8849,6286
8850,9052
8851,1730
8852,7189
8853,7719
8854,7876
8855,3927
8856,5300
8857,8488
8858,235
8859,2793
8860,6834
8861,1130
8862,1110
8863,3253
8864,8887
8865,4466
8866,9930
8867,9136
8868,3704
8869,7494
8870,7415
8871,4321
8872,5709
8873,9802
8874,7682
8875,4093
8876,2641
8877,6929
8878,7843
8879,7510
8880,6764
8881,8414
8882,7892
8883,8364
8884,9944
8885,7740
8886,6358
8887,6958
8888,7474
8889,3747
8890,7954
8891,7256
8892,3164
8893,1658
8894,3732
8895,2726
8896,5866
8897,7184
8898,1183
8899,3863
8900,7202
8901,2908
8902,7303
8903,8587
8904,324
8905,6026
8906,7161
8907,5893
8908,7166
8909,5266
8910,2313
8911,4254
8912,7760
8913,6638
8914,1898
8915,4878
8916,6221
8917,5719
8918,610
8919,2886
8920,2847
8921,721
8922,1943
8923,6268
8924,7582
8925,7729
8926,6478
8927,3458
8928,9942
8929,3405
8930,2800
8931,8741
8932,3554
8933,4373
8934,3039
8935,7163
8936,2509
8937,6449
8938,4300
8939,4029
8940,7329
8941,9279
8942,5087
8943,6114
8944,6226
8945,892
8946,4674
8947,5186
8948,8494
8949,1846
8950,1212
8951,1022
8952,1308
8953,5289
8954,7743
8955,5656
8956,3880
8957,9274
8958,7885
8959,1366
8960,9945
8961,7694
8962,6466
8963,8919
8964,1306
8965,9825
8966,7530
8967,813
8968,8955
8969,9520
8970,8641
8971,2692
8972,2826
8973,5466
8974,9130
8975,2185
8976,8991
8977,7356
8978,8353
8979,9282
8980,4344
8981,6837
8982,9418
8983,9783
8984,6493
8985,7801
8986,2872
8987,3327
8988,9345
8989,8501
8990,4572
8991,459
8992,6355
8993,9904
8994,1092
8995,2457
8996,5393
8997,8041
8998,7672
8999,2205
9000,5308
9001,7036
9002,9611
9003,253
9004,9351
9005,5488
9006,7061
9007,8394
9008,3474
9009,4770
9010,1988
9011,8299
9012,7381
9013,2232
9014,6930
9015,5979
9016,5987
9017,3447
9018,2179
9019,7461
9020,4786
9021,9150
9022,3525
9023,8070
9024,5040
9025,7190
9026,6170
9027,6700
9028,5140
9029,6657
9030,8395
9031,143
9032,5450
9033,5546
9034,7136
9035,4063
9036,4442
9037,7988
9038,8642
9039,6068
9040,9458
9041,3118
9042,6537
9043,6912
9044,6040
9045,1082
9046,9604
9047,7101
9048,9725
9049,5462
9050,8447
9051,1328
9052,5706
9053,7237
9054,8759
9055,7235
9056,2899
9057,6862
9058,8634
9059,3667
9060,4060
9061,2905
9062,4195
9063,8657
9064,6309
9065,9938
9066,3328
9067,940
9068,9837
9069,6365
9070,2161
9071,9850
9072,4742
9073,7125
9074,9091
9075,858
9076,9250
9077,6881
9078,8263
9079,3285
9080,9131
9081,1920
9082,3685
9083,3135
9084,1271
9085,2804
9086,4569
9087,5623
9088,3435
9089,8426
9090,7676
9091,9353
9092,3502
9093,807
9094,9964
9095,6095
9096,2528
9097,8227
9098,6614
9099,2558
9100,9893
9101,6599
9102,9591
9103,9269
9104,8822
9105,8147
9106,9712
9107,8407
9108,8180
9109,2734
9110,3043
9111,5442
9112,6094
9113,2046
9114,3015
9115,5272
9116,2535
9117,1264
9118,2629
9119,9387
9120,2118
9121,3249
9122,2234
9123,8926
9124,4002
9125,8554
9126,3961
9127,8328
9128,7300
9129,5222
9130,6713
9131,2218
9132,3507
9133,9145
9134,3236
9135,470
9136,7133
9137,8621
9138,5279
9139,7051
9140,4499
9141,695
9142,7643
9143,6948
9144,5939
9145,3670
9146,4803
9147,3441
9148,6303
9149,3532
9150,8346
9151,4109
9152,6596
9153,8810
9154,8089
9155,3192
9156,4143
9157,9706
9158,3324
9159,3784
9160,3270
9161,3438
9162,9467
9163,6769
9164,348
9165,4957
9166,5687
9167,2918
9168,4074
9169,437
9170,4903
9171,9613
9172,7286
9173,6082
9174,2795
9175,7612
9176,5485
9177,4420
9178,2880
9179,1965
9180,9726
9181,3429
9182,9118
9183,3155
9184,6416
9185,5712
9186,2838
9187,8911
9188,4306
9189,4350
9190,7532
9191,5405
9192,9012
9193,8900
9194,2700
9195,9099
9196,9535
9197,4547
9198,4923
9199,8335
9200,4745
9201,6071
9202,8139
9203,1904
9204,9797
9205,4472
9206,8723
9207,7087
9208,1935
9209,2058
9210,6577
9211,7847
9212,2767
9213,5011
9214,8193
9215,6805
9216,2533
9217,5694
9218,6707
9219,1045
9220,1385
9221,3053
9222,3587
9223,5246
9224,9735
9225,4307
9226,6899
9227,1787
9228,5416
9229,3245
9230,8718
9231,9776
9232,6394
9233,6748
9234,5776
9235,4474
9236,4006
9237,5185
9238,678
9239,623
9240,979
9241,3281
9242,1708
9243,2307
9244,9027
9245,5824
9246,2390
9247,2768
9248,886
9249,7835
9250,1982
9251,5184
9252,6698
9253,9411
9254,1341
9255,8981
9256,4988
9257,7782
9258,5319
9259,4115
9260,5819
9261,9009
9262,5105
9263,3659
9264,9680
9265,8769
9266,8304
9267,5031
9268,2743
9269,950
9270,3288
9271,8827
9272,3559
9273,4790
9274,4097
9275,4313
9276,6161
9277,5720
9278,2331
9279,9787
9280,2855
9281,8326
9282,2246
9283,7438
9284,8487
9285,1808
9286,2941
9287,2100
9288,5174
9289,8500
9290,7261
9291,6137
9292,4824
9293,5891
9294,4212
9295,5379
9296,7141
9297,6504
9298,6947
9299,2752
9300,4235
9301,8616
9302,6953
9303,9028
9304,8237
9305,2583
9306,1527
9307,9799
9308,6081
9309,3955
9310,4953
9311,7634
9312,9294
9313,9229
9314,3733
9315,7757
9316,7834
9317,2832
9318,9638
9319,9410
9320,2167
9321,8344
9322,8967
9323,2876
9324,5820
9325,7901
9326,6419
9327,7225
9328,9226
9329,6077
9330,7632
9331,2895
9332,7900
9333,6412
9334,8938
9335,6062
9336,9286
9337,6957
9338,9582
9339,6091
9340,9042
9341,262
9342,7140
9343,3371
9344,7877
9345,3494
9346,9488
9347,8258
9348,6037
9349,3432
9350,2829
9351,6260
9352,7193
9353,1395
9354,6974
9355,8762
9356,5645
9357,8958
9358,9558
9359,7857
9360,6926
9361,8971
9362,9164
9363,2915
9364,3146
9365,7811
9366,2112
9367,9306
9368,7221
9369,2653
9370,7441
9371,3341
9372,668
9373,2580
9374,8024
9375,8409
9376,4621
9377,8001
9378,4984
9379,1511
9380,1442
9381,8129
9382,7903
9383,9314
9384,7802
9385,9523
9386,6560
9387,5817
9388,1347
9389,7197
9390,9669
9391,5230
9392,7362
9393,1866
9394,7545
9395,7073
9396,9109
9397,6831
9398,6054
9399,5276
9400,6015
9401,5974
9402,9752
9403,8595
9404,4706
9405,7933
9406,8943
9407,7535
9408,4299
9409,5553
9410,7845
9411,6207
9412,7758
9413,8029
9414,4491
9415,8119
9416,4607
9417,8453
9418,8796
9419,7989
9420,2904
9421,5597
9422,1912
9423,8835
9424,352
9425,4451
9426,7731
9427,8307
9428,9882
9429,5476
9430,9755
9431,4457
9432,3701
9433,5602
9434,7389
9435,811
9436,7803
9437,2906
9438,2551
9439,9202
9440,8314
9441,8711
9442,8758
9443,8184
9444,61
9445,458
9446,2254
9447,9029
9448,3389
9449,7936
9450,6621
9451,2739
9452,5736
9453,9807
9454,7373
9455,5557
9456,2166
9457,9954
9458,1482
9459,7097
9460,9969
9461,4654
9462,4987
9463,9553
9464,9167
9465,3368
9466,8005
9467,536
9468,4834
9469,3553
9470,9633
9471,4246
9472,4505
9473,1562
9474,4184
9475,3691
9476,5793
9477,5494
9478,6989
9479,5350
9480,1044
9481,9703
9482,5753
9483,8649
9484,7640
9485,1728
9486,4165
9487,3436
9488,5074
9489,2137
9490,3173
9491,921
9492,6423
9493,9501
9494,9644
9495,6231
9496,2634
9497,9847
9498,9479
9499,4045
9500,2613
9501,2116
9502,6993
9503,4102
9504,6714
9505,7673
9506,6033
9507,7591
9508,9165
9509,5085
9510,1596
9511,1668
9512,1062
9513,9889
9514,3490
9515,267
9516,7413
9517,5363
9518,5977
9519,4461
9520,1577
9521,2652
9522,8807
9523,2221
9524,3372
9525,6849
9526,4225
9527,9953
9528,8381
9529,5938
9530,6815
9531,9659
9532,8772
9533,2818
9534,8224
9535,5124
9536,9183
9537,9666
9538,1326
9539,6228
9540,5178
9541,7310
9542,2813
9543,3294
9544,9528
9545,4808
9546,3770
9547,3241
9548,1699
9549,8563
9550,3191
9551,7365
9552,4734
9553,8268
9554,7693
9555,9750
9556,9547
9557,8895
9558,4323
9559,8265
9560,5702
9561,7542
9562,7177
9563,9381
9564,6730
9565,1947
9566,5233
9567,8013
9568,7871
9569,9950
9570,7185
9571,9097
9572,5955
9573,2395
9574,4384
9575,5484
9576,5360
9577,1490
9578,4714
9579,1472
9580,920
9581,3491
9582,8862
9583,3962
9584,7702
9585,7527
9586,4516
9587,3756
9588,6538
9589,7537
9590,2486
9591,8006
9592,9619
9593,9293
9594,5503
9595,9369
9596,4961
9597,9771
9598,8521
9599,9546
9600,8325
9601,3103
9602,1810
9603,5927
9604,6414
9605,5901
9606,7004
9607,7431
9608,6370
9609,1794
9610,8889
9611,1671
9612,6468
9613,3822
9614,1538
9615,3012
9616,2626
9617,4900
9618,7320
9619,8744
9620,2617
9621,7482
9622,5259
9623,1729
9624,5333
9625,9947
9626,3345
9627,9208
9628,9412
9629,3209
9630,4615
9631,2401
9632,2360
9633,5280
9634,5164
9635,6432
9636,2848
9637,8434
9638,8936
9639,7764
9640,3778
9641,8365
9642,1345
9643,9641
9644,1568
9645,8379
9646,8198
9647,8392
9648,3269
9649,2672
9650,4840
9651,7929
9652,6250
9653,1948
9654,1198
9655,9207
9656,7555
9657,8166
9658,6517
9659,3908
9660,5842
9661,1065
9662,9422
9663,3045
9664,8885
9665,5844
9666,2113
9667,8959
9668,4736
9669,2717
9670,2663
9671,2774
9672,533
9673,8315
9674,6460
9675,9565
9676,1737
9677,4829
9678,8059
9679,8933
9680,3528
9681,6281
9682,7914
9683,2178
9684,1740
9685,6799
9686,7148
9687,5640
9688,2788
9689,4873
9690,8580
9691,8063
9692,566
9693,6646
9694,3312
9695,3867
9696,1453
9697,5039
9698,1046
9699,2080
9700,6213
9701,3391
9702,7305
9703,5118
9704,5843
9705,5663
9706,9505
9707,4082
9708,4374
9709,7511
9710,6085
9711,5897
9712,9823
9713,9792
9714,7819
9715,3064
9716,4489
9717,9209
9718,8116
9719,5409
9720,7915
9721,926
9722,9261
9723,1173
9724,4269
9725,4239
9726,3130
9727,6905
9728,7867
9729,6940
9730,9788
9731,8679
9732,3334
9733,5868
9734,5309
9735,7754
9736,8499
9737,7312
9738,2999
9739,7815
9740,8293
9741,8550
9742,7584
9743,6159
9744,9551
9745,8869
9746,4918
9747,8825
9748,6904
9749,6253
9750,3257
9751,2003
9752,6706
9753,7448
9754,4386
9755,3401
9756,1508
9757,4896
9758,5614
9759,6450
9760,2139
9761,9872
9762,9895
9763,7980
9764,8712
9765,8614
9766,5954
9767,5161
9768,5900
9769,4437
9770,1220
9771,8105
9772,4255
9773,7424
9774,983
9775,9072
9776,1104
9777,7432
9778,6965
9779,3466
9780,3329
9781,9738
9782,5532
9783,9040
9784,8534
9785,7107
9786,5650
9787,9909
9788,4522
9789,9836
9790,3722
9791,8839
9792,3481
9793,9791
9794,4853
9795,6107
9796,4144
9797,9840
9798,8628
9799,8300
9800,9276
9801,7206
9802,2249
9803,7912
9804,7199
9805,4382
9806,8137
9807,8043
9808,2243
9809,9181
9810,2422
9811,7412
9812,5519
9813,5196
9814,8486
9815,4610
9816,6843
9817,8255
9818,8775
9819,6753
9820,6793
9821,9312
9822,9916
9823,2169
9824,8102
9825,3228
9826,7908
9827,7084
9828,8118
9829,9064
9830,7033
9831,9674
9832,8698
9833,9005
9834,9224
9835,6241
9836,9701
9837,9859
9838,4804
9839,3526
9840,8576
9841,4787
9842,2723
9843,6897
9844,6227
9845,4601
9846,9034
9847,9736
9848,7272
9849,6699
9850,6810
9851,9842
9852,6206
9853,9470
9854,9340
9855,5921
9856,3599
9857,7560
9858,8311
9859,2530
9860,2690
9861,2772
9862,1688
9863,9427
9864,1076
9865,5368
9866,5916
9867,3993
9868,7659
9869,9278
9870,6694
9871,6381
9872,5726
9873,9809
9874,4001
9875,7215
9876,9728
9877,4563
9878,7071
9879,7772
9880,5738
9881,9595
9882,7196
9883,1499
9884,7550
9885,852
9886,7773
9887,4123
9888,1028
9889,1174
9890,3873
9891,6737
9892,8722
9893,3461
9894,5422
9895,6659
9896,9504
9897,9326
9898,8954
9899,4111
9900,6479
9901,5635
9902,6145
9903,7425
9904,4752
9905,7993
9906,4011
9907,279
9908,7240
9909,8108
9910,2840
9911,8461
9912,1551
9913,4176
9914,8274
9915,1736
9916,1786
9917,6245
9918,7049
9919,8145
9920,8362
9921,7154
9922,8582
9923,6527
9924,9899
9925,6962
9926,8551
9927,2216
9928,2335
9929,8672
9930,9913
9931,7896
9932,1433
9933,8020
9934,3855
9935,4617
9936,6289
9937,1539
9938,4178
9939,9646
9940,3952
9941,5131
9942,8671
9943,6491
9944,4128
9945,7726
9946,5618
9947,4594
9948,4875
9949,7487
9950,4852
9951,6900
9952,4641
9953,8282
9954,1524
9955,6583
9956,6116
9957,2273
9958,8065
9959,4381
9960,2037
9961,8205
9962,7094
9963,7455
9964,5578
9965,7359
9966,9651
9967,4032
9968,4576
9969,5219
9970,8044
9971,5111
9972,6868
9973,5459
9974,9816
9975,2332
9976,5884
9977,8583
9978,9413
9979,9392
9980,3976
9981,5852
9982,7467
9983,5296
9984,7703
9985,3987
9986,5649
9987,6443
9988,6428
9989,7523
9990,7443
9991,7979
9992,7984
9993,8713
9994,8685
9995,3885
9996,9569
9997,9580
9998,8892
9999,9548
